tract_id,GeographicAreaName,MedianAgeTotal,MedianAgeMale,MedianAgeFemale,parkcount_2019,parkcount_2020,Positives,People_Tested,All_Test_Results
53001950400,"Census Tract 9504, Adams County, Washington",25.4,24.6,27.0,37,16,0,2,8
53005010100,"Census Tract 101, Benton County, Washington",46.1,44.0,47.6,66,46,0,1,2
53005010201,"Census Tract 102.01, Benton County, Washington",42.3,45.3,39.5,91,71,0,1,1
53005010202,"Census Tract 102.02, Benton County, Washington",32.9,32.5,34.1,128,53,0,2,5
53005010300,"Census Tract 103, Benton County, Washington",32.2,30.1,34.0,99,60,0,1,1
53005010809,"Census Tract 108.09, Benton County, Washington",35.1,33.9,36.1,90,107,0,2,5
53005010813,"Census Tract 108.13, Benton County, Washington",38.7,35.2,41.2,202,137,0,1,4
53005010902,"Census Tract 109.02, Benton County, Washington",29.0,28.5,29.9,54,20,0,1,2
53005011001,"Census Tract 110.01, Benton County, Washington",32.8,32.5,35.7,67,64,0,1,2
53005011002,"Census Tract 110.02, Benton County, Washington",28.6,28.7,28.6,79,25,0,1,3
53005011200,"Census Tract 112, Benton County, Washington",24.8,21.8,28.7,56,50,0,1,1
53005011800,"Census Tract 118, Benton County, Washington",40.7,43.7,40.0,110,49,1,1,2
53005011900,"Census Tract 119, Benton County, Washington",40.3,40.8,37.7,62,34,0,1,5
53007960200,"Census Tract 9602, Chelan County, Washington",49.7,49.9,49.1,55,12,0,2,5
53007960300,"Census Tract 9603, Chelan County, Washington",40.4,43.1,39.2,95,53,0,1,1
53007960400,"Census Tract 9604, Chelan County, Washington",44.6,31.0,49.0,24,16,1,3,4
53007960700,"Census Tract 9607, Chelan County, Washington",47.4,45.4,49.3,123,26,0,1,2
53007960801,"Census Tract 9608.01, Chelan County, Washington",49.4,49.2,49.6,29,8,0,2,15
53007960802,"Census Tract 9608.02, Chelan County, Washington",38.7,36.7,40.1,107,56,0,2,5
53007961000,"Census Tract 9610, Chelan County, Washington",35.5,31.2,38.6,105,25,0,1,1
53007961100,"Census Tract 9611, Chelan County, Washington",28.5,26.7,30.4,169,53,0,1,8
53009001100,"Census Tract 11, Clallam County, Washington",37.6,32.8,38.9,30,4,0,1,1
53009001300,"Census Tract 13, Clallam County, Washington",49.4,44.3,52.5,21,11,0,1,2
53011040203,"Census Tract 402.03, Clark County, Washington",42.8,42.5,42.9,107,47,0,1,2
53011040302,"Census Tract 403.02, Clark County, Washington",36.7,36.9,36.6,183,83,0,1,2
53011040415,"Census Tract 404.15, Clark County, Washington",33.9,29.4,38.2,93,40,0,1,1
53011040507,"Census Tract 405.07, Clark County, Washington",37.5,38.4,37.2,62,20,0,1,4
53011040609,"Census Tract 406.09, Clark County, Washington",38.4,37.2,39.4,113,54,1,1,5
53011040703,"Census Tract 407.03, Clark County, Washington",37.1,36.2,38.4,84,36,0,1,3
53011040710,"Census Tract 407.10, Clark County, Washington",34.3,33.9,34.4,175,108,0,1,3
53011040806,"Census Tract 408.06, Clark County, Washington",39.4,37.7,40.0,80,28,0,1,3
53011040908,"Census Tract 409.08, Clark County, Washington",40.7,42.7,40.2,149,64,0,2,3
53011041108,"Census Tract 411.08, Clark County, Washington",39.4,29.4,46.4,145,37,0,1,2
53011041203,"Census Tract 412.03, Clark County, Washington",34.6,35.4,33.8,94,57,0,1,3
53011041206,"Census Tract 412.06, Clark County, Washington",38.4,42.1,38.0,76,36,0,1,2
53011041327,"Census Tract 413.27, Clark County, Washington",36.2,37.6,35.4,170,70,0,1,5
53011041328,"Census Tract 413.28, Clark County, Washington",39.2,38.1,40.9,184,74,0,1,3
53011041330,"Census Tract 413.30, Clark County, Washington",35.1,33.2,37.7,73,32,0,1,2
53011041800,"Census Tract 418, Clark County, Washington",33.2,33.2,33.1,62,21,0,7,26
53011042600,"Census Tract 426, Clark County, Washington",42.6,44.4,41.0,78,33,0,1,1
53015000601,"Census Tract 6.01, Cowlitz County, Washington",39.9,34.2,47.0,44,32,0,1,2
53015001502,"Census Tract 15.02, Cowlitz County, Washington",37.0,37.2,36.7,93,49,0,1,2
53015001900,"Census Tract 19, Cowlitz County, Washington",43.1,44.1,43.0,69,40,0,2,4
53015002001,"Census Tract 20.01, Cowlitz County, Washington",50.7,48.4,53.7,63,20,0,1,4
53017950100,"Census Tract 9501, Douglas County, Washington",34.5,33.6,36.2,45,12,0,2,4
53017950500,"Census Tract 9505, Douglas County, Washington",36.6,37.3,36.2,75,25,0,1,1
53017950700,"Census Tract 9507, Douglas County, Washington",29.7,30.1,29.6,72,51,0,1,2
53017950800,"Census Tract 9508, Douglas County, Washington",33.7,27.0,40.2,94,32,0,1,2
53021020400,"Census Tract 204, Franklin County, Washington",28.1,28.0,28.1,90,80,0,2,8
53021020502,"Census Tract 205.02, Franklin County, Washington",35.5,36.3,33.5,136,57,0,1,3
53021020800,"Census Tract 208, Franklin County, Washington",30.9,33.5,26.6,77,21,1,1,1
53025010400,"Census Tract 104, Grant County, Washington",34.5,34.5,34.4,95,42,0,1,2
53025010600,"Census Tract 106, Grant County, Washington",23.9,22.7,25.2,76,37,1,1,1
53025011000,"Census Tract 110, Grant County, Washington",36.3,33.0,38.3,199,102,0,2,4
53025011100,"Census Tract 111, Grant County, Washington",31.4,32.6,29.8,116,97,0,1,1
53025011402,"Census Tract 114.02, Grant County, Washington",25.6,26.5,24.9,33,13,0,1,3
53027000200,"Census Tract 2, Grays Harbor County, Washington",60.1,60.2,60.1,71,13,0,4,7
53027001000,"Census Tract 10, Grays Harbor County, Washington",30.9,30.4,34.1,118,19,0,1,4
53029970300,"Census Tract 9703, Island County, Washington",46.1,48.4,44.6,60,24,0,2,3
53029970602,"Census Tract 9706.02, Island County, Washington",32.5,32.6,32.4,16,13,0,1,2
53029970700,"Census Tract 9707, Island County, Washington",31.1,27.8,36.3,20,12,0,2,12
53029971000,"Census Tract 9710, Island County, Washington",51.7,47.1,54.6,85,40,2,3,10
53029971300,"Census Tract 9713, Island County, Washington",58.6,59.1,58.1,43,14,0,1,3
53029971400,"Census Tract 9714, Island County, Washington",55.9,54.7,57.6,16,16,0,4,14
53029971600,"Census Tract 9716, Island County, Washington",50.7,49.5,52.6,44,22,0,1,10
53029971800,"Census Tract 9718, Island County, Washington",60.1,60.8,58.7,32,16,0,1,2
53029971900,"Census Tract 9719, Island County, Washington",57.3,56.1,59.9,47,11,1,4,8
53029972000,"Census Tract 9720, Island County, Washington",55.2,55.4,55.0,18,4,0,1,2
53029972100,"Census Tract 9721, Island County, Washington",56.7,57.0,56.6,27,4,0,3,7
53031950202,"Census Tract 9502.02, Jefferson County, Washington",52.1,52.4,51.0,12,16,0,1,2
53031950300,"Census Tract 9503, Jefferson County, Washington",63.1,63.9,62.6,50,22,0,2,3
53031950500,"Census Tract 9505, Jefferson County, Washington",62.1,63.1,60.7,30,16,0,1,4
53031950601,"Census Tract 9506.01, Jefferson County, Washington",56.5,56.8,56.4,71,47,0,2,13
53031950602,"Census Tract 9506.02, Jefferson County, Washington",50.4,49.3,50.6,25,12,0,1,4
53031950702,"Census Tract 9507.02, Jefferson County, Washington",47.7,45.2,55.5,15,16,0,2,2
53033000100,"Census Tract 1, King County, Washington",34.9,33.9,36.4,150,50,217,2650,5067
53033000200,"Census Tract 2, King County, Washington",38.1,34.8,40.8,93,33,191,2983,5519
53033000300,"Census Tract 3, King County, Washington",36.4,35.1,40.2,40,24,67,974,1724
53033000401,"Census Tract 4.01, King County, Washington",46.2,40.6,50.8,69,32,135,2247,4193
53033000402,"Census Tract 4.02, King County, Washington",44.0,37.9,47.5,64,17,126,1959,3727
53033000500,"Census Tract 5, King County, Washington",51.9,50.8,53.0,46,26,47,1320,2491
53033000600,"Census Tract 6, King County, Washington",36.9,36.6,37.1,83,36,324,3931,7133
53033000700,"Census Tract 7, King County, Washington",34.5,33.4,35.4,94,16,116,1798,3223
53033000800,"Census Tract 8, King County, Washington",41.5,40.1,43.0,22,8,47,981,1760
53033000900,"Census Tract 9, King County, Washington",52.2,52.1,52.4,26,13,41,847,1585
53033001000,"Census Tract 10, King County, Washington",38.8,38.5,39.1,36,4,32,740,1349
53033001100,"Census Tract 11, King County, Washington",42.1,43.3,40.7,24,9,37,1005,1859
53033001200,"Census Tract 12, King County, Washington",34.7,34.6,34.9,108,50,168,2805,5181
53033001300,"Census Tract 13, King County, Washington",35.6,35.3,36.0,45,32,102,1843,3590
53033001400,"Census Tract 14, King County, Washington",35.2,35.0,36.5,66,20,80,1944,3553
53033001500,"Census Tract 15, King County, Washington",45.1,44.6,45.6,49,20,56,1076,1935
53033001600,"Census Tract 16, King County, Washington",42.4,42.4,42.4,44,8,68,1821,3426
53033001701,"Census Tract 17.01, King County, Washington",33.5,34.7,32.2,34,6,77,1662,3374
53033001702,"Census Tract 17.02, King County, Washington",37.4,37.5,37.2,32,24,134,2161,4796
53033001800,"Census Tract 18, King County, Washington",32.8,32.4,33.1,33,16,104,2115,4253
53033001900,"Census Tract 19, King County, Washington",34.1,33.3,35.0,23,8,78,1866,3617
53033002000,"Census Tract 20, King County, Washington",38.3,40.6,36.9,28,12,39,1466,2761
53033002100,"Census Tract 21, King County, Washington",36.1,33.6,38.5,54,16,57,1616,3105
53033002200,"Census Tract 22, King County, Washington",42.0,40.3,45.1,122,20,56,2198,3975
53033002400,"Census Tract 24, King County, Washington",40.9,39.3,41.4,39,16,25,1179,2231
53033002500,"Census Tract 25, King County, Washington",37.9,38.0,37.5,56,16,34,1301,2462
53033002600,"Census Tract 26, King County, Washington",35.6,34.5,37.7,78,35,69,2228,4272
53033002700,"Census Tract 27, King County, Washington",35.4,38.2,33.5,48,20,73,2486,5056
53033002800,"Census Tract 28, King County, Washington",36.9,34.5,38.1,55,16,61,2138,4303
53033002900,"Census Tract 29, King County, Washington",39.8,37.1,42.3,63,17,57,1999,3876
53033003000,"Census Tract 30, King County, Washington",38.1,37.7,39.3,109,28,57,2569,4884
53033003100,"Census Tract 31, King County, Washington",41.5,40.1,42.5,86,28,86,2573,4701
53033003200,"Census Tract 32, King County, Washington",36.8,42.1,35.7,76,16,101,3987,7644
53033003300,"Census Tract 33, King County, Washington",34.9,35.1,34.8,99,31,80,3258,6623
53033003400,"Census Tract 34, King County, Washington",36.3,33.9,38.1,24,8,48,1545,2984
53033003500,"Census Tract 35, King County, Washington",39.5,38.4,40.5,28,14,31,1827,3571
53033003600,"Census Tract 36, King County, Washington",31.8,32.6,30.9,55,30,149,3575,7297
53033003800,"Census Tract 38, King County, Washington",34.9,35.2,33.6,40,8,25,923,1723
53033003900,"Census Tract 39, King County, Washington",41.5,41.1,41.8,36,20,37,1154,2301
53033004000,"Census Tract 40, King County, Washington",37.2,42.3,35.1,75,30,51,1249,2469
53033004100,"Census Tract 41, King County, Washington",39.1,37.8,41.2,104,40,101,3561,6859
53033004200,"Census Tract 42, King County, Washington",41.7,41.3,42.3,130,28,87,3463,6713
53033004301,"Census Tract 43.01, King County, Washington",29.9,33.1,27.8,50,21,49,1621,3506
53033004400,"Census Tract 44, King County, Washington",25.1,26.0,23.8,124,28,144,3372,9628
53033004500,"Census Tract 45, King County, Washington",28.7,28.4,29.7,29,12,50,1367,3025
53033004600,"Census Tract 46, King County, Washington",37.7,38.7,36.5,132,17,34,1529,2991
53033004700,"Census Tract 47, King County, Washington",34.0,33.5,35.0,106,28,163,4596,9180
53033004800,"Census Tract 48, King County, Washington",33.7,33.4,34.1,40,8,49,2220,4586
53033004900,"Census Tract 49, King County, Washington",30.6,30.4,30.7,58,16,94,3145,6510
53033005000,"Census Tract 50, King County, Washington",30.2,30.8,29.5,40,12,70,1889,4037
53033005100,"Census Tract 51, King County, Washington",38.3,38.4,38.0,50,16,53,1801,3640
53033005200,"Census Tract 52, King County, Washington",24.5,24.0,25.8,184,29,85,2696,5671
53033005301,"Census Tract 53.01, King County, Washington",21.9,22.0,21.8,101,14,345,3407,12341
53033005302,"Census Tract 53.02, King County, Washington",19.4,19.5,19.3,190,8,53,1357,4070
53033005400,"Census Tract 54, King County, Washington",31.8,33.6,31.0,67,16,84,3286,6915
53033005600,"Census Tract 56, King County, Washington",47.2,47.4,47.0,119,45,97,2869,5244
53033005700,"Census Tract 57, King County, Washington",41.2,41.5,39.8,97,61,61,2466,4503
53033005801,"Census Tract 58.01, King County, Washington",33.6,32.4,36.0,83,44,85,2500,4629
53033005802,"Census Tract 58.02, King County, Washington",33.7,33.6,33.7,96,8,86,2279,4489
53033005900,"Census Tract 59, King County, Washington",28.0,28.9,26.8,70,33,83,2775,5422
53033006000,"Census Tract 60, King County, Washington",34.0,34.7,32.9,69,46,131,2815,8053
53033006100,"Census Tract 61, King County, Washington",35.4,34.7,36.2,32,12,100,2712,6054
53033006200,"Census Tract 62, King County, Washington",41.1,41.9,40.6,87,19,73,1952,3945
53033006300,"Census Tract 63, King County, Washington",45.4,45.6,45.2,84,13,85,2689,5914
53033006400,"Census Tract 64, King County, Washington",36.5,39.2,34.0,28,12,38,1645,3542
53033006500,"Census Tract 65, King County, Washington",37.7,37.6,37.9,53,8,66,2159,4428
53033006600,"Census Tract 66, King County, Washington",30.1,29.7,30.5,36,13,81,1885,4056
53033006700,"Census Tract 67, King County, Washington",30.3,29.8,31.2,120,40,188,4534,8248
53033006800,"Census Tract 68, King County, Washington",37.2,35.0,38.5,61,4,34,1362,2602
53033006900,"Census Tract 69, King County, Washington",38.4,38.5,38.3,104,8,39,1933,3684
53033007000,"Census Tract 70, King County, Washington",35.9,39.7,35.1,61,45,106,2965,5971
53033007100,"Census Tract 71, King County, Washington",31.4,31.8,31.1,81,4,112,2111,4039
53033007200,"Census Tract 72, King County, Washington",30.6,31.7,29.6,100,33,183,3664,6766
53033007300,"Census Tract 73, King County, Washington",32.4,32.8,31.5,77,8,220,4120,8098
53033007401,"Census Tract 74.01, King County, Washington",32.7,33.4,31.3,105,9,89,2342,5269
53033007402,"Census Tract 74.02, King County, Washington",30.7,31.8,29.2,46,16,79,2060,4421
53033007500,"Census Tract 75, King County, Washington",31.2,31.2,31.1,107,25,162,4324,9383
53033007600,"Census Tract 76, King County, Washington",33.5,33.4,33.9,46,16,64,2070,4706
53033007700,"Census Tract 77, King County, Washington",34.4,34.7,34.0,91,20,88,2530,5486
53033007800,"Census Tract 78, King County, Washington",42.3,41.0,43.5,45,55,63,2582,5176
53033007900,"Census Tract 79, King County, Washington",33.4,32.6,35.0,91,37,121,3095,7160
53033008001,"Census Tract 80.01, King County, Washington",35.2,33.4,37.1,91,8,133,2505,4625
53033008002,"Census Tract 80.02, King County, Washington",39.2,39.7,38.3,27,12,75,1415,3047
53033008100,"Census Tract 81, King County, Washington",43.2,41.8,46.3,113,18,206,8176,16615
53033008200,"Census Tract 82, King County, Washington",35.0,34.8,35.7,114,37,98,1665,3122
53033008300,"Census Tract 83, King County, Washington",36.8,35.0,40.0,64,8,70,1301,2759
53033008400,"Census Tract 84, King County, Washington",31.8,31.7,32.0,59,8,103,2736,8093
53033008500,"Census Tract 85, King County, Washington",37.4,34.6,46.7,91,12,170,2034,6114
53033008600,"Census Tract 86, King County, Washington",23.8,25.9,22.4,81,21,155,2826,6698
53033008700,"Census Tract 87, King County, Washington",32.3,31.8,33.9,74,8,111,2176,6417
53033008800,"Census Tract 88, King County, Washington",34.3,35.2,33.0,27,8,45,1822,4032
53033008900,"Census Tract 89, King County, Washington",36.9,34.7,38.2,42,32,111,2501,5552
53033009000,"Census Tract 90, King County, Washington",37.9,39.7,35.5,49,54,169,1734,3818
53033009100,"Census Tract 91, King County, Washington",48.6,42.9,57.5,47,12,53,784,1546
53033009200,"Census Tract 92, King County, Washington",45.3,47.5,40.0,24,33,188,1794,4346
53033009300,"Census Tract 93, King County, Washington",39.4,38.9,42.6,46,24,169,2685,5007
53033009400,"Census Tract 94, King County, Washington",35.3,34.2,36.6,82,32,189,2724,5626
53033009500,"Census Tract 95, King County, Washington",41.9,42.6,41.0,110,29,148,3003,6153
53033009600,"Census Tract 96, King County, Washington",49.1,49.4,47.7,74,21,143,2275,4335
53033009701,"Census Tract 97.01, King County, Washington",45.6,45.1,46.2,82,47,111,2254,4190
53033009702,"Census Tract 97.02, King County, Washington",41.7,40.4,42.8,87,27,106,2647,5033
53033009800,"Census Tract 98, King County, Washington",40.6,40.2,42.0,86,26,108,3014,5806
53033009900,"Census Tract 99, King County, Washington",39.6,41.0,35.9,74,24,109,2473,4633
53033010001,"Census Tract 100.01, King County, Washington",35.2,29.9,38.3,33,4,158,1634,3262
53033010002,"Census Tract 100.02, King County, Washington",37.2,36.5,37.4,61,12,129,1955,4339
53033010100,"Census Tract 101, King County, Washington",36.7,36.0,38.5,110,28,414,3638,8433
53033010200,"Census Tract 102, King County, Washington",42.9,41.5,44.1,32,16,111,2299,4479
53033010300,"Census Tract 103, King County, Washington",35.1,34.0,35.5,49,12,228,3306,7559
53033010401,"Census Tract 104.01, King County, Washington",44.3,43.4,45.7,23,34,124,1517,3060
53033010402,"Census Tract 104.02, King County, Washington",37.8,36.2,39.8,27,24,138,1833,3819
53033010500,"Census Tract 105, King County, Washington",39.7,37.9,40.8,99,20,190,4022,8178
53033010600,"Census Tract 106, King County, Washington",42.4,42.0,43.0,97,40,122,3303,6312
53033010701,"Census Tract 107.01, King County, Washington",34.3,35.4,33.0,16,12,111,1470,2689
53033010702,"Census Tract 107.02, King County, Washington",30.6,23.4,32.9,40,24,155,1621,2922
53033010800,"Census Tract 108, King County, Washington",37.7,38.4,36.7,89,12,158,1933,3660
53033010900,"Census Tract 109, King County, Washington",43.0,44.8,39.6,103,12,43,912,3010
53033011001,"Census Tract 110.01, King County, Washington",37.6,36.9,38.1,35,21,215,1547,3386
53033011002,"Census Tract 110.02, King County, Washington",34.9,30.6,39.3,52,12,198,1408,2723
53033011101,"Census Tract 111.01, King County, Washington",36.8,36.3,37.3,85,13,251,2114,4182
53033011102,"Census Tract 111.02, King County, Washington",36.1,34.0,37.2,48,24,217,2183,10663
53033011200,"Census Tract 112, King County, Washington",37.8,40.9,34.4,87,46,171,1287,2382
53033011300,"Census Tract 113, King County, Washington",39.5,36.0,42.5,91,26,258,2287,4508
53033011401,"Census Tract 114.01, King County, Washington",34.1,29.4,38.9,43,16,144,1717,3133
53033011402,"Census Tract 114.02, King County, Washington",37.1,39.0,35.0,56,22,199,1718,3254
53033011500,"Census Tract 115, King County, Washington",39.7,40.1,38.9,52,20,72,1909,3796
53033011600,"Census Tract 116, King County, Washington",45.7,47.1,44.4,99,28,131,2969,6308
53033011700,"Census Tract 117, King County, Washington",43.5,40.8,47.7,44,16,229,1868,3477
53033011800,"Census Tract 118, King County, Washington",37.8,34.8,39.6,108,24,354,3297,5907
53033011900,"Census Tract 119, King County, Washington",41.1,44.3,34.8,78,15,260,2638,4955
53033012000,"Census Tract 120, King County, Washington",40.2,38.5,41.3,48,18,75,1411,2848
53033012100,"Census Tract 121, King County, Washington",48.2,46.5,48.8,36,12,64,1204,2183
53033020100,"Census Tract 201, King County, Washington",52.0,50.8,55.4,59,25,102,1142,2145
53033020200,"Census Tract 202, King County, Washington",47.4,45.8,49.0,72,33,147,1741,3070
53033020300,"Census Tract 203, King County, Washington",37.0,36.9,37.1,75,47,229,2140,3765
53033020401,"Census Tract 204.01, King County, Washington",39.3,39.0,39.7,36,28,97,1160,1985
53033020402,"Census Tract 204.02, King County, Washington",37.7,41.4,36.1,68,28,92,1643,2747
53033020500,"Census Tract 205, King County, Washington",40.0,38.8,40.7,97,54,212,2407,4241
53033020600,"Census Tract 206, King County, Washington",41.9,42.0,41.6,52,28,67,1151,1958
53033020700,"Census Tract 207, King County, Washington",39.4,39.7,39.2,50,18,101,1415,2497
53033020800,"Census Tract 208, King County, Washington",48.9,48.2,49.7,64,21,94,1496,2517
53033020900,"Census Tract 209, King County, Washington",43.6,39.9,47.5,54,12,70,1230,2175
53033021000,"Census Tract 210, King County, Washington",41.4,39.9,43.6,140,47,148,2235,4069
53033021100,"Census Tract 211, King County, Washington",38.3,37.9,40.0,93,39,184,1612,4112
53033021300,"Census Tract 213, King County, Washington",44.9,46.7,42.7,52,20,83,1272,2241
53033021400,"Census Tract 214, King County, Washington",44.3,42.7,45.6,88,24,64,1237,2118
53033021500,"Census Tract 215, King County, Washington",46.0,46.0,45.9,69,20,56,1583,2714
53033021600,"Census Tract 216, King County, Washington",41.9,41.6,42.8,68,38,78,1592,2603
53033021700,"Census Tract 217, King County, Washington",36.7,37.3,36.1,177,52,224,2542,3974
53033021802,"Census Tract 218.02, King County, Washington",32.8,31.3,34.3,65,20,113,1418,2143
53033021803,"Census Tract 218.03, King County, Washington",40.6,41.1,40.3,83,12,90,1716,2668
53033021804,"Census Tract 218.04, King County, Washington",35.3,35.4,35.2,60,16,122,1638,2494
53033021903,"Census Tract 219.03, King County, Washington",38.3,37.4,39.4,83,47,134,1598,2507
53033021904,"Census Tract 219.04, King County, Washington",37.1,36.7,38.1,82,24,109,1286,1927
53033021905,"Census Tract 219.05, King County, Washington",36.2,35.2,38.3,71,42,112,1384,2234
53033021906,"Census Tract 219.06, King County, Washington",37.1,34.3,37.9,81,48,80,1036,1523
53033022001,"Census Tract 220.01, King County, Washington",43.8,37.1,47.9,107,37,102,1477,2401
53033022003,"Census Tract 220.03, King County, Washington",36.4,35.1,39.2,148,46,97,1274,1963
53033022005,"Census Tract 220.05, King County, Washington",32.3,30.8,35.1,84,30,100,1372,2255
53033022006,"Census Tract 220.06, King County, Washington",41.7,41.0,41.9,80,44,166,1098,1735
53033022101,"Census Tract 221.01, King County, Washington",41.9,38.7,44.3,127,53,77,1416,2253
53033022102,"Census Tract 221.02, King County, Washington",39.6,39.6,39.6,115,44,76,1718,2587
53033022201,"Census Tract 222.01, King County, Washington",37.9,37.3,38.5,96,35,67,1125,1723
53033022202,"Census Tract 222.02, King County, Washington",35.7,34.5,36.5,126,59,139,1964,2924
53033022203,"Census Tract 222.03, King County, Washington",41.6,39.9,42.3,188,63,91,1399,2078
53033022300,"Census Tract 223, King County, Washington",48.8,49.6,48.0,84,31,40,811,1201
53033022400,"Census Tract 224, King County, Washington",39.0,37.5,39.9,265,143,136,3211,4988
53033022500,"Census Tract 225, King County, Washington",40.4,40.7,38.6,179,65,173,2838,4540
53033022603,"Census Tract 226.03, King County, Washington",36.1,34.7,37.8,116,41,95,1507,2182
53033022604,"Census Tract 226.04, King County, Washington",37.6,35.8,39.4,134,45,74,1405,2244
53033022605,"Census Tract 226.05, King County, Washington",32.3,32.6,31.5,56,32,90,1325,1924
53033022606,"Census Tract 226.06, King County, Washington",37.5,37.9,37.1,143,55,73,1389,2034
53033022701,"Census Tract 227.01, King County, Washington",39.1,43.4,36.8,51,26,44,1011,1657
53033022702,"Census Tract 227.02, King County, Washington",36.0,37.0,34.1,110,43,48,1070,1681
53033022703,"Census Tract 227.03, King County, Washington",37.2,37.6,36.8,41,21,48,722,1147
53033022801,"Census Tract 228.01, King County, Washington",32.9,32.7,33.5,139,46,125,1836,2718
53033022802,"Census Tract 228.02, King County, Washington",35.8,35.0,37.1,132,49,60,1173,1713
53033022803,"Census Tract 228.03, King County, Washington",33.4,33.9,32.9,131,45,82,1603,2250
53033022901,"Census Tract 229.01, King County, Washington",45.4,43.7,46.9,53,29,44,699,1138
53033022902,"Census Tract 229.02, King County, Washington",40.5,38.5,42.0,162,76,82,1603,2438
53033023000,"Census Tract 230, King County, Washington",41.3,38.3,43.2,202,65,126,1421,2192
53033023100,"Census Tract 231, King County, Washington",43.1,42.3,44.0,182,29,61,1070,1599
53033023201,"Census Tract 232.01, King County, Washington",31.8,30.6,33.1,504,20,142,1445,2029
53033023202,"Census Tract 232.02, King County, Washington",36.2,34.1,38.0,63,8,158,1221,1986
53033023300,"Census Tract 233, King County, Washington",39.0,35.8,42.5,111,87,166,1816,2783
53033023401,"Census Tract 234.01, King County, Washington",37.8,37.9,37.4,88,47,124,1236,1861
53033023403,"Census Tract 234.03, King County, Washington",40.8,39.6,44.8,108,38,44,1096,1656
53033023404,"Census Tract 234.04, King County, Washington",38.8,37.9,39.0,89,38,57,1065,1741
53033023500,"Census Tract 235, King County, Washington",39.8,37.5,40.7,52,52,55,1147,1782
53033023601,"Census Tract 236.01, King County, Washington",37.7,38.2,36.0,103,66,96,1371,2450
53033023603,"Census Tract 236.03, King County, Washington",32.5,32.5,32.5,89,8,109,1424,1987
53033023604,"Census Tract 236.04, King County, Washington",37.7,35.8,40.0,117,41,134,1519,2345
53033023700,"Census Tract 237, King County, Washington",38.8,35.0,42.3,117,37,68,1294,2042
53033023801,"Census Tract 238.01, King County, Washington",35.0,34.9,35.7,82,13,53,990,1521
53033023803,"Census Tract 238.03, King County, Washington",33.0,32.0,34.5,46,18,83,1724,2795
53033023804,"Census Tract 238.04, King County, Washington",34.4,33.6,35.5,774,52,102,2678,4141
53033023900,"Census Tract 239, King County, Washington",44.5,41.5,45.8,185,66,150,2331,3769
53033024000,"Census Tract 240, King County, Washington",40.2,37.2,43.6,422,68,117,2185,3492
53033024100,"Census Tract 241, King County, Washington",47.2,46.9,47.5,109,32,99,1623,2878
53033024200,"Census Tract 242, King County, Washington",46.8,47.0,46.7,87,31,45,1098,1938
53033024300,"Census Tract 243, King County, Washington",46.2,46.3,46.2,130,67,131,3272,5983
53033024400,"Census Tract 244, King County, Washington",38.7,35.9,41.6,32,44,54,990,1685
53033024500,"Census Tract 245, King County, Washington",46.0,45.2,46.8,96,24,70,2009,3455
53033024601,"Census Tract 246.01, King County, Washington",48.0,47.6,48.2,87,43,61,1769,3084
53033024602,"Census Tract 246.02, King County, Washington",46.0,44.4,46.6,99,30,52,1426,2440
53033024701,"Census Tract 247.01, King County, Washington",39.9,39.3,40.3,117,36,55,959,1508
53033024702,"Census Tract 247.02, King County, Washington",44.7,41.6,46.3,126,49,156,2131,3559
53033024800,"Census Tract 248, King County, Washington",36.8,32.3,39.6,128,40,113,1458,2155
53033024901,"Census Tract 249.01, King County, Washington",46.2,45.5,46.5,354,61,44,1289,1979
53033024902,"Census Tract 249.02, King County, Washington",42.2,38.8,42.8,105,39,57,977,1596
53033024903,"Census Tract 249.03, King County, Washington",44.8,44.9,44.6,191,85,68,1686,2650
53033025001,"Census Tract 250.01, King County, Washington",39.0,39.8,38.3,111,51,61,1392,2236
53033025003,"Census Tract 250.03, King County, Washington",40.1,39.6,40.6,154,50,95,1977,3066
53033025005,"Census Tract 250.05, King County, Washington",39.7,39.7,39.7,178,79,66,1520,2385
53033025006,"Census Tract 250.06, King County, Washington",38.5,36.8,39.4,114,65,69,1734,2802
53033025101,"Census Tract 251.01, King County, Washington",35.6,32.8,38.7,121,43,181,1537,2377
53033025102,"Census Tract 251.02, King County, Washington",36.2,36.9,35.1,143,66,227,2338,3714
53033025200,"Census Tract 252, King County, Washington",37.4,37.1,37.7,132,46,283,2448,3965
53033025301,"Census Tract 253.01, King County, Washington",37.3,39.0,35.2,120,53,235,2652,4374
53033025302,"Census Tract 253.02, King County, Washington",42.0,37.6,45.4,61,32,171,2316,4169
53033025400,"Census Tract 254, King County, Washington",34.3,34.2,34.4,106,53,321,2183,3406
53033025500,"Census Tract 255, King County, Washington",35.1,33.8,36.1,76,28,228,1408,2199
53033025601,"Census Tract 256.01, King County, Washington",38.0,36.0,39.7,85,20,151,1574,2551
53033025602,"Census Tract 256.02, King County, Washington",40.9,40.8,41.1,124,59,125,1708,2650
53033025701,"Census Tract 257.01, King County, Washington",33.2,35.2,32.4,56,44,217,1799,2957
53033025702,"Census Tract 257.02, King County, Washington",40.4,34.5,44.4,39,12,98,1089,1742
53033025803,"Census Tract 258.03, King County, Washington",31.4,31.4,31.6,20,24,216,1367,2153
53033025804,"Census Tract 258.04, King County, Washington",38.5,35.8,42.2,47,21,119,1067,1708
53033025805,"Census Tract 258.05, King County, Washington",35.5,35.4,35.6,44,20,174,1585,2539
53033025806,"Census Tract 258.06, King County, Washington",34.7,36.0,34.1,124,44,205,1486,2393
53033026001,"Census Tract 260.01, King County, Washington",45.0,47.4,41.8,75,4,138,1944,3414
53033026002,"Census Tract 260.02, King County, Washington",32.8,28.1,35.1,64,19,328,2427,4040
53033026100,"Census Tract 261, King County, Washington",33.6,33.3,35.2,92,32,349,2356,4079
53033026200,"Census Tract 262, King County, Washington",36.4,37.3,35.3,134,54,310,2766,8296
53033026300,"Census Tract 263, King County, Washington",40.1,36.1,41.4,24,12,82,547,967
53033026400,"Census Tract 264, King County, Washington",36.3,37.0,32.6,119,30,263,1867,3242
53033026500,"Census Tract 265, King County, Washington",33.8,33.2,35.0,62,20,285,1513,2734
53033026600,"Census Tract 266, King County, Washington",38.8,36.6,40.5,33,17,101,874,1636
53033026700,"Census Tract 267, King County, Washington",37.0,36.9,38.5,102,44,216,1960,3414
53033026801,"Census Tract 268.01, King County, Washington",34.8,37.1,33.0,115,36,322,1936,3384
53033026802,"Census Tract 268.02, King County, Washington",37.5,37.8,37.3,109,39,332,1999,3405
53033027000,"Census Tract 270, King County, Washington",40.6,38.5,43.9,78,29,144,1055,1848
53033027100,"Census Tract 271, King County, Washington",35.4,34.3,36.5,96,16,180,1109,1845
53033027200,"Census Tract 272, King County, Washington",35.1,35.7,34.0,42,8,161,942,1603
53033027300,"Census Tract 273, King County, Washington",34.8,36.3,33.6,112,54,351,1948,3229
53033027400,"Census Tract 274, King County, Washington",39.5,37.4,42.1,120,42,294,1788,2986
53033027500,"Census Tract 275, King County, Washington",39.9,38.7,42.7,53,49,225,1473,2460
53033027600,"Census Tract 276, King County, Washington",37.5,34.8,42.0,111,41,181,1261,2079
53033027701,"Census Tract 277.01, King County, Washington",51.6,51.6,51.5,50,8,23,1748,2830
53033027702,"Census Tract 277.02, King County, Washington",56.2,54.1,57.9,83,30,50,1407,2123
53033027800,"Census Tract 278, King County, Washington",55.2,47.8,57.1,32,16,57,1184,2011
53033027900,"Census Tract 279, King County, Washington",37.9,38.5,37.5,126,41,247,2728,4859
53033028000,"Census Tract 280, King County, Washington",33.6,34.4,33.0,95,38,182,1039,1725
53033028100,"Census Tract 281, King County, Washington",32.7,32.3,33.0,41,12,216,835,1357
53033028200,"Census Tract 282, King County, Washington",32.4,32.0,32.6,59,24,299,1577,2686
53033028300,"Census Tract 283, King County, Washington",38.3,37.2,40.1,111,24,264,1862,3133
53033028402,"Census Tract 284.02, King County, Washington",33.5,31.7,36.2,105,58,289,1494,2413
53033028403,"Census Tract 284.03, King County, Washington",41.7,38.4,42.5,59,17,304,1606,2604
53033028500,"Census Tract 285, King County, Washington",34.5,36.0,33.2,58,28,144,1386,2264
53033028600,"Census Tract 286, King County, Washington",50.8,48.6,52.3,105,52,124,2143,3700
53033028700,"Census Tract 287, King County, Washington",42.0,39.9,45.1,116,50,123,1630,2732
53033028801,"Census Tract 288.01, King County, Washington",40.3,36.7,43.6,28,28,139,1466,3463
53033028802,"Census Tract 288.02, King County, Washington",30.7,30.9,30.3,106,28,339,1836,2913
53033028901,"Census Tract 289.01, King County, Washington",48.5,47.2,50.7,72,33,121,1379,2226
53033028902,"Census Tract 289.02, King County, Washington",30.9,30.6,32.1,143,80,390,1956,3999
53033029001,"Census Tract 290.01, King County, Washington",47.7,46.5,50.6,151,41,167,1404,2537
53033029003,"Census Tract 290.03, King County, Washington",39.9,35.1,41.6,68,44,292,1772,3435
53033029004,"Census Tract 290.04, King County, Washington",28.6,30.1,26.9,70,26,260,1019,1492
53033029101,"Census Tract 291.01, King County, Washington",37.4,35.7,38.2,68,13,122,1143,1815
53033029102,"Census Tract 291.02, King County, Washington",38.8,38.6,38.8,98,33,203,1350,2202
53033029203,"Census Tract 292.03, King County, Washington",33.4,32.2,38.5,74,12,176,1178,1803
53033029204,"Census Tract 292.04, King County, Washington",27.7,28.3,25.4,111,45,315,2058,3094
53033029205,"Census Tract 292.05, King County, Washington",36.3,32.3,39.8,95,41,207,1578,2421
53033029206,"Census Tract 292.06, King County, Washington",30.8,29.7,34.0,122,54,215,1216,1964
53033029303,"Census Tract 293.03, King County, Washington",40.1,35.0,45.8,65,27,244,2359,3893
53033029304,"Census Tract 293.04, King County, Washington",40.6,39.5,42.1,57,20,145,1526,2400
53033029305,"Census Tract 293.05, King County, Washington",40.4,36.2,44.2,62,20,176,1230,1950
53033029306,"Census Tract 293.06, King County, Washington",41.7,39.7,42.3,16,8,121,1091,1779
53033029307,"Census Tract 293.07, King County, Washington",39.8,39.2,42.1,47,27,114,1048,1617
53033029403,"Census Tract 294.03, King County, Washington",33.9,31.4,39.1,87,13,258,1604,2437
53033029405,"Census Tract 294.05, King County, Washington",39.3,38.7,41.0,105,32,213,1694,2824
53033029406,"Census Tract 294.06, King County, Washington",37.6,35.4,41.5,64,29,171,1335,2063
53033029407,"Census Tract 294.07, King County, Washington",31.5,31.1,32.2,102,37,334,1780,2951
53033029408,"Census Tract 294.08, King County, Washington",36.3,36.1,36.4,85,12,212,1134,1654
53033029502,"Census Tract 295.02, King County, Washington",35.6,34.8,37.2,120,24,316,2106,3165
53033029503,"Census Tract 295.03, King County, Washington",31.5,31.4,31.6,159,66,447,2199,3330
53033029504,"Census Tract 295.04, King County, Washington",32.4,28.7,34.9,76,8,317,1818,2777
53033029601,"Census Tract 296.01, King County, Washington",33.6,34.2,33.4,96,56,421,2051,3006
53033029602,"Census Tract 296.02, King County, Washington",39.1,38.2,39.9,159,36,286,1975,2938
53033029700,"Census Tract 297, King County, Washington",38.0,34.1,41.2,135,49,426,3059,4711
53033029801,"Census Tract 298.01, King County, Washington",32.8,33.1,32.6,103,60,391,2281,3553
53033029802,"Census Tract 298.02, King County, Washington",37.6,33.7,40.7,105,42,408,2742,4208
53033029901,"Census Tract 299.01, King County, Washington",35.2,33.6,36.4,56,24,257,1343,2001
53033029902,"Census Tract 299.02, King County, Washington",44.2,44.9,42.9,78,29,201,1576,2422
53033030003,"Census Tract 300.03, King County, Washington",37.5,38.6,35.7,49,25,327,1893,2926
53033030004,"Census Tract 300.04, King County, Washington",28.1,25.9,30.3,132,53,526,2403,3824
53033030005,"Census Tract 300.05, King County, Washington",31.7,31.6,32.7,101,44,417,1726,2511
53033030006,"Census Tract 300.06, King County, Washington",39.8,35.2,46.2,156,41,213,1609,2473
53033030100,"Census Tract 301, King County, Washington",42.4,41.4,42.7,89,40,226,2208,3462
53033030201,"Census Tract 302.01, King County, Washington",37.8,38.5,37.0,107,28,218,1550,2457
53033030202,"Census Tract 302.02, King County, Washington",34.5,33.5,37.3,144,50,502,2251,3569
53033030304,"Census Tract 303.04, King County, Washington",35.2,35.7,34.6,85,24,194,1114,1727
53033030305,"Census Tract 303.05, King County, Washington",44.3,43.2,45.4,76,34,201,1453,2233
53033030306,"Census Tract 303.06, King County, Washington",38.8,38.6,38.8,77,32,211,1669,2534
53033030308,"Census Tract 303.08, King County, Washington",32.8,31.8,35.2,81,46,271,2101,3350
53033030309,"Census Tract 303.09, King County, Washington",36.0,34.8,38.6,90,28,226,1596,2435
53033030310,"Census Tract 303.10, King County, Washington",35.3,32.6,36.5,76,21,255,1872,2849
53033030311,"Census Tract 303.11, King County, Washington",35.9,31.9,40.5,161,37,282,1439,2159
53033030312,"Census Tract 303.12, King County, Washington",33.2,32.8,33.5,102,19,245,1418,2235
53033030313,"Census Tract 303.13, King County, Washington",36.3,39.8,33.2,58,12,253,1424,2464
53033030314,"Census Tract 303.14, King County, Washington",47.2,45.6,49.1,51,22,147,1202,1950
53033030401,"Census Tract 304.01, King County, Washington",38.2,38.6,35.6,179,56,416,2541,3808
53033030403,"Census Tract 304.03, King County, Washington",46.8,43.3,50.6,61,28,161,1211,1922
53033030404,"Census Tract 304.04, King County, Washington",40.7,39.4,41.8,57,36,162,1295,1959
53033030501,"Census Tract 305.01, King County, Washington",49.1,43.1,52.6,56,44,170,998,1866
53033030503,"Census Tract 305.03, King County, Washington",38.4,36.6,40.4,119,62,351,1705,2564
53033030504,"Census Tract 305.04, King County, Washington",35.5,32.5,39.9,99,41,233,1276,1977
53033030600,"Census Tract 306, King County, Washington",38.6,39.5,37.4,114,36,318,2089,3187
53033030700,"Census Tract 307, King County, Washington",37.5,33.9,43.1,75,20,246,1234,1872
53033030801,"Census Tract 308.01, King County, Washington",31.5,35.3,25.7,99,36,706,2910,5289
53033030802,"Census Tract 308.02, King County, Washington",36.3,36.2,36.3,70,23,257,1324,1938
53033030901,"Census Tract 309.01, King County, Washington",31.5,30.6,33.1,103,24,157,1039,1540
53033030902,"Census Tract 309.02, King County, Washington",30.0,30.6,29.8,143,74,322,1653,2465
53033031000,"Census Tract 310, King County, Washington",37.5,37.8,37.4,118,19,147,1301,1980
53033031100,"Census Tract 311, King County, Washington",38.0,36.1,39.5,143,85,374,1943,2976
53033031202,"Census Tract 312.02, King County, Washington",42.3,43.5,41.3,85,28,212,2036,3025
53033031204,"Census Tract 312.04, King County, Washington",47.7,47.5,48.1,74,20,148,1500,2189
53033031205,"Census Tract 312.05, King County, Washington",28.5,27.6,31.4,169,54,454,2513,3669
53033031206,"Census Tract 312.06, King County, Washington",27.7,25.0,31.9,56,20,199,1222,1740
53033031301,"Census Tract 313.01, King County, Washington",46.0,46.5,45.7,40,8,79,582,830
53033031302,"Census Tract 313.02, King County, Washington",36.8,37.5,36.4,88,17,103,1105,1594
53033031400,"Census Tract 314, King County, Washington",42.2,39.0,45.7,88,46,250,2415,3639
53033031501,"Census Tract 315.01, King County, Washington",41.8,42.7,41.4,55,16,74,963,1375
53033031502,"Census Tract 315.02, King County, Washington",47.1,43.1,48.5,50,17,94,1002,1475
53033031601,"Census Tract 316.01, King County, Washington",41.4,40.0,43.4,67,16,108,1301,1929
53033031603,"Census Tract 316.03, King County, Washington",37.1,38.2,34.5,86,37,141,1831,2610
53033031604,"Census Tract 316.04, King County, Washington",33.9,32.2,35.1,127,44,109,1354,1978
53033031605,"Census Tract 316.05, King County, Washington",42.6,43.4,42.5,48,18,79,949,1402
53033031703,"Census Tract 317.03, King County, Washington",46.9,47.4,46.3,84,60,248,2015,3246
53033031704,"Census Tract 317.04, King County, Washington",35.7,37.3,33.8,103,46,323,1674,3118
53033031706,"Census Tract 317.06, King County, Washington",37.1,34.0,39.6,136,40,212,2089,3139
53033031800,"Census Tract 318, King County, Washington",48.9,50.6,46.6,91,12,127,1317,1994
53033031903,"Census Tract 319.03, King County, Washington",41.8,41.4,42.9,114,31,168,1866,2847
53033031904,"Census Tract 319.04, King County, Washington",43.8,44.7,43.5,54,12,78,970,1495
53033031906,"Census Tract 319.06, King County, Washington",45.5,44.7,46.7,69,15,88,1068,1597
53033031907,"Census Tract 319.07, King County, Washington",37.4,36.1,38.1,174,37,159,2083,3312
53033031908,"Census Tract 319.08, King County, Washington",35.9,35.9,35.9,36,16,91,1311,2179
53033031909,"Census Tract 319.09, King County, Washington",42.0,41.5,42.1,52,21,79,886,1375
53033032002,"Census Tract 320.02, King County, Washington",43.4,43.6,42.8,48,16,58,701,1039
53033032003,"Census Tract 320.03, King County, Washington",42.2,40.2,44.8,65,36,128,1671,2462
53033032005,"Census Tract 320.05, King County, Washington",40.3,39.0,40.8,62,61,224,1683,2432
53033032006,"Census Tract 320.06, King County, Washington",41.3,40.6,41.6,58,4,104,1366,2079
53033032007,"Census Tract 320.07, King County, Washington",41.9,40.5,44.4,76,21,71,1002,1510
53033032010,"Census Tract 320.10, King County, Washington",36.6,36.4,36.7,127,42,149,1648,2396
53033032011,"Census Tract 320.11, King County, Washington",36.2,36.3,36.2,104,55,105,1313,1895
53033032102,"Census Tract 321.02, King County, Washington",44.5,43.6,45.6,98,20,59,1217,1902
53033032103,"Census Tract 321.03, King County, Washington",36.2,35.8,36.4,84,40,86,2122,3321
53033032104,"Census Tract 321.04, King County, Washington",44.4,44.6,43.9,92,75,217,2093,3672
53033032203,"Census Tract 322.03, King County, Washington",38.8,39.9,38.3,225,22,94,2076,3159
53033032207,"Census Tract 322.07, King County, Washington",42.1,41.8,42.1,98,20,61,1059,1657
53033032208,"Census Tract 322.08, King County, Washington",43.3,41.1,44.7,162,29,225,2697,8022
53033032210,"Census Tract 322.10, King County, Washington",35.0,34.5,35.3,462,150,158,3552,5422
53033032211,"Census Tract 322.11, King County, Washington",39.1,38.2,40.1,843,34,69,1161,1749
53033032212,"Census Tract 322.12, King County, Washington",36.5,37.6,36.0,163,50,94,1923,2942
53033032213,"Census Tract 322.13, King County, Washington",43.6,43.4,44.0,116,26,70,1217,1970
53033032214,"Census Tract 322.14, King County, Washington",38.3,40.1,37.4,191,66,67,1548,2205
53033032215,"Census Tract 322.15, King County, Washington",39.6,39.3,39.7,128,72,74,1232,1863
53033032307,"Census Tract 323.07, King County, Washington",42.0,41.5,42.3,101,58,87,1549,2286
53033032309,"Census Tract 323.09, King County, Washington",30.9,30.7,31.0,177,70,158,2968,4259
53033032311,"Census Tract 323.11, King County, Washington",45.6,45.2,46.0,115,36,61,1356,1964
53033032313,"Census Tract 323.13, King County, Washington",34.1,33.8,34.1,123,42,66,1192,1731
53033032315,"Census Tract 323.15, King County, Washington",47.0,46.9,47.1,144,16,63,1298,1913
53033032316,"Census Tract 323.16, King County, Washington",41.7,43.6,40.3,173,24,72,1524,2294
53033032317,"Census Tract 323.17, King County, Washington",39.1,40.0,38.5,822,37,70,1504,2184
53033032318,"Census Tract 323.18, King County, Washington",37.0,36.5,37.2,180,34,57,1398,2071
53033032319,"Census Tract 323.19, King County, Washington",35.7,34.9,37.1,94,25,109,1751,2641
53033032320,"Census Tract 323.20, King County, Washington",45.8,46.5,45.1,87,20,72,1137,1732
53033032321,"Census Tract 323.21, King County, Washington",40.9,41.3,40.3,156,36,54,1559,2191
53033032322,"Census Tract 323.22, King County, Washington",44.1,44.3,44.0,50,4,22,822,1219
53033032323,"Census Tract 323.23, King County, Washington",39.4,38.1,40.6,162,39,111,1673,2861
53033032324,"Census Tract 323.24, King County, Washington",34.8,33.0,35.8,139,28,85,1244,1756
53033032325,"Census Tract 323.25, King County, Washington",34.1,33.5,35.0,89,33,100,1349,1966
53033032326,"Census Tract 323.26, King County, Washington",47.1,46.1,47.8,38,8,94,982,1470
53033032327,"Census Tract 323.27, King County, Washington",65.7,65.4,66.2,53,15,64,1065,1693
53033032329,"Census Tract 323.29, King County, Washington",36.7,36.4,37.1,164,20,77,1634,2423
53033032401,"Census Tract 324.01, King County, Washington",38.8,38.6,38.8,139,40,69,1674,2349
53033032402,"Census Tract 324.02, King County, Washington",40.0,39.9,40.1,154,38,94,1448,2207
53033032500,"Census Tract 325, King County, Washington",43.6,43.3,43.8,139,54,65,1499,2261
53033032601,"Census Tract 326.01, King County, Washington",42.6,44.0,40.4,68,12,52,892,1354
53033032602,"Census Tract 326.02, King County, Washington",35.7,35.2,36.6,553,262,253,4021,5926
53033032702,"Census Tract 327.02, King County, Washington",40.4,38.6,41.5,156,41,109,1838,2976
53033032703,"Census Tract 327.03, King County, Washington",37.4,35.8,38.8,32,21,25,732,1105
53033032704,"Census Tract 327.04, King County, Washington",39.9,39.8,40.1,130,71,164,2511,4101
53033032800,"Census Tract 328, King County, Washington",47.4,48.7,46.7,65,32,34,722,1119
53035080102,"Census Tract 801.02, Kitsap County, Washington",30.6,30.5,30.9,78,10,0,2,4
53035080200,"Census Tract 802, Kitsap County, Washington",38.1,34.6,39.7,37,4,0,2,17
53035080400,"Census Tract 804, Kitsap County, Washington",38.7,36.8,43.0,20,12,0,3,10
53035080500,"Census Tract 805, Kitsap County, Washington",37.2,33.3,47.5,46,4,0,3,12
53035080600,"Census Tract 806, Kitsap County, Washington",35.3,33.7,35.6,91,23,0,4,10
53035080700,"Census Tract 807, Kitsap County, Washington",51.3,45.9,52.5,24,16,0,1,7
53035080900,"Census Tract 809, Kitsap County, Washington",37.1,38.2,35.5,42,12,0,1,5
53035081000,"Census Tract 810, Kitsap County, Washington",39.2,38.0,39.5,37,4,0,1,2
53035081100,"Census Tract 811, Kitsap County, Washington",39.5,39.7,37.6,24,10,0,1,7
53035090102,"Census Tract 901.02, Kitsap County, Washington",54.5,55.4,54.2,90,28,0,4,20
53035090202,"Census Tract 902.02, Kitsap County, Washington",39.7,39.8,39.3,69,29,0,1,2
53035090501,"Census Tract 905.01, Kitsap County, Washington",49.4,47.2,53.5,75,54,0,3,26
53035090700,"Census Tract 907, Kitsap County, Washington",49.5,48.6,50.6,40,12,0,6,23
53035090800,"Census Tract 908, Kitsap County, Washington",50.8,48.0,53.2,44,23,0,2,5
53035090900,"Census Tract 909, Kitsap County, Washington",50.3,50.0,51.1,55,17,0,7,25
53035091000,"Census Tract 910, Kitsap County, Washington",50.5,52.3,49.8,87,35,0,1,2
53035091100,"Census Tract 911, Kitsap County, Washington",45.9,44.9,46.5,37,41,0,1,3
53035091201,"Census Tract 912.01, Kitsap County, Washington",36.8,30.8,43.4,17,9,0,1,1
53035091203,"Census Tract 912.03, Kitsap County, Washington",30.5,30.2,31.0,103,35,0,1,2
53035091302,"Census Tract 913.02, Kitsap County, Washington",47.1,47.4,46.5,66,30,0,2,7
53035091400,"Census Tract 914, Kitsap County, Washington",42.7,42.6,42.7,24,16,0,1,2
53035091700,"Census Tract 917, Kitsap County, Washington",36.0,34.8,37.7,53,18,0,1,3
53035092100,"Census Tract 921, Kitsap County, Washington",37.0,35.7,40.0,113,33,0,1,2
53035092200,"Census Tract 922, Kitsap County, Washington",34.8,32.7,37.4,52,23,0,3,6
53035092300,"Census Tract 923, Kitsap County, Washington",34.3,31.8,35.9,78,41,0,1,2
53035092400,"Census Tract 924, Kitsap County, Washington",35.4,34.5,36.6,103,38,0,1,4
53035092500,"Census Tract 925, Kitsap County, Washington",41.8,42.8,41.3,67,37,0,3,14
53035092600,"Census Tract 926, Kitsap County, Washington",39.9,37.5,41.5,74,37,0,2,5
53035092701,"Census Tract 927.01, Kitsap County, Washington",44.9,41.5,46.9,36,22,0,1,2
53035092803,"Census Tract 928.03, Kitsap County, Washington",42.4,40.4,43.2,34,12,0,2,14
53035092901,"Census Tract 929.01, Kitsap County, Washington",47.8,41.4,49.0,70,20,1,2,4
53035940000,"Census Tract 9400, Kitsap County, Washington",44.5,42.7,46.4,28,16,0,1,2
53037975100,"Census Tract 9751, Kittitas County, Washington",47.1,45.6,48.2,36,12,0,14,27
53037975200,"Census Tract 9752, Kittitas County, Washington",54.0,54.3,53.8,55,46,0,1,3
53037975300,"Census Tract 9753, Kittitas County, Washington",42.3,42.6,41.5,57,23,0,1,1
53037975401,"Census Tract 9754.01, Kittitas County, Washington",21.3,21.0,21.4,101,31,0,2,6
53037975402,"Census Tract 9754.02, Kittitas County, Washington",41.6,31.1,50.4,77,27,0,1,3
53037975500,"Census Tract 9755, Kittitas County, Washington",25.6,25.4,26.8,117,77,0,2,4
53037975600,"Census Tract 9756, Kittitas County, Washington",27.8,25.8,31.1,28,20,0,1,2
53039950100,"Census Tract 9501, Klickitat County, Washington",47.4,46.6,47.9,49,21,0,2,4
53039950200,"Census Tract 9502, Klickitat County, Washington",47.5,45.6,50.4,71,20,0,1,3
53039950300,"Census Tract 9503, Klickitat County, Washington",45.4,45.5,45.3,79,20,0,1,3
53041970500,"Census Tract 9705, Lewis County, Washington",39.7,35.6,45.4,99,8,1,1,1
53041970800,"Census Tract 9708, Lewis County, Washington",34.3,34.2,34.5,45,4,0,1,2
53041971300,"Census Tract 9713, Lewis County, Washington",41.7,40.9,41.9,51,13,0,1,1
53041971400,"Census Tract 9714, Lewis County, Washington",45.9,45.2,46.4,8,12,0,2,6
53045960400,"Census Tract 9604, Mason County, Washington",40.7,39.1,41.4,37,24,0,2,5
53045960500,"Census Tract 9605, Mason County, Washington",58.7,58.2,59.4,56,16,0,1,3
53045960600,"Census Tract 9606, Mason County, Washington",37.1,35.8,38.2,43,39,0,2,3
53045960800,"Census Tract 9608, Mason County, Washington",40.8,36.8,48.5,46,4,0,2,6
53047970800,"Census Tract 9708, Okanogan County, Washington",32.4,31.5,34.0,20,24,0,2,5
53049950400,"Census Tract 9504, Pacific County, Washington",45.0,42.0,47.4,52,16,0,1,3
53053060200,"Census Tract 602, Pierce County, Washington",34.9,33.0,37.1,31,8,0,12,41
53053060300,"Census Tract 603, Pierce County, Washington",47.2,46.5,47.8,85,30,0,4,11
53053060400,"Census Tract 604, Pierce County, Washington",44.0,44.2,43.4,116,34,0,1,4
53053060600,"Census Tract 606, Pierce County, Washington",34.4,38.9,30.2,95,20,0,3,11
53053060700,"Census Tract 607, Pierce County, Washington",27.8,27.8,27.8,84,33,0,1,2
53053060800,"Census Tract 608, Pierce County, Washington",36.4,35.6,38.4,186,33,0,4,19
53053060904,"Census Tract 609.04, Pierce County, Washington",40.8,37.2,47.2,156,24,0,4,10
53053060905,"Census Tract 609.05, Pierce County, Washington",46.0,38.5,50.3,127,33,0,2,9
53053060906,"Census Tract 609.06, Pierce County, Washington",44.3,38.0,50.2,28,12,0,1,2
53053061001,"Census Tract 610.01, Pierce County, Washington",45.6,46.5,45.5,26,23,0,2,5
53053061002,"Census Tract 610.02, Pierce County, Washington",40.9,38.1,44.8,72,22,0,2,12
53053061100,"Census Tract 611, Pierce County, Washington",38.5,38.2,39.2,94,12,0,6,83
53053061200,"Census Tract 612, Pierce County, Washington",36.6,35.8,38.4,46,32,1,2,4
53053061300,"Census Tract 613, Pierce County, Washington",32.9,33.3,32.3,177,48,0,4,14
53053061400,"Census Tract 614, Pierce County, Washington",36.0,34.6,37.2,79,28,1,3,17
53053061500,"Census Tract 615, Pierce County, Washington",35.1,34.8,35.3,79,25,0,3,7
53053061601,"Census Tract 616.01, Pierce County, Washington",41.2,41.2,41.3,60,20,1,33,105
53053061700,"Census Tract 617, Pierce County, Washington",33.0,32.6,34.4,111,36,0,4,12
53053061800,"Census Tract 618, Pierce County, Washington",38.7,39.1,38.4,936,28,0,2,5
53053062000,"Census Tract 620, Pierce County, Washington",35.5,37.1,34.8,74,43,0,2,5
53053062300,"Census Tract 623, Pierce County, Washington",34.0,33.2,34.8,332,37,0,3,6
53053062400,"Census Tract 624, Pierce County, Washington",31.4,28.7,35.6,96,16,0,2,7
53053062500,"Census Tract 625, Pierce County, Washington",33.5,35.5,32.6,166,36,0,3,7
53053062600,"Census Tract 626, Pierce County, Washington",31.0,30.8,31.3,221,21,0,2,4
53053062801,"Census Tract 628.01, Pierce County, Washington",28.3,28.3,28.3,135,44,0,3,9
53053062802,"Census Tract 628.02, Pierce County, Washington",31.8,30.4,33.8,82,20,1,2,6
53053062900,"Census Tract 629, Pierce County, Washington",33.2,30.9,36.0,116,16,1,8,26
53053063300,"Census Tract 633, Pierce County, Washington",31.6,31.0,35.0,94,63,0,4,12
53053063400,"Census Tract 634, Pierce County, Washington",35.9,35.3,37.5,151,37,0,1,2
53053063501,"Census Tract 635.01, Pierce County, Washington",37.8,37.5,38.7,70,16,0,1,2
53053063502,"Census Tract 635.02, Pierce County, Washington",37.6,34.5,39.6,109,25,0,4,14
53053070100,"Census Tract 701, Pierce County, Washington",36.6,37.9,35.1,97,49,0,5,11
53053070203,"Census Tract 702.03, Pierce County, Washington",34.6,33.8,35.3,199,37,0,1,1
53053070205,"Census Tract 702.05, Pierce County, Washington",37.2,36.8,37.4,41,16,1,7,39
53053070207,"Census Tract 702.07, Pierce County, Washington",36.6,37.6,36.3,53,28,0,4,16
53053070307,"Census Tract 703.07, Pierce County, Washington",39.2,40.6,37.9,90,59,2,4,5
53053070308,"Census Tract 703.08, Pierce County, Washington",31.6,31.4,31.8,112,29,0,11,35
53053070309,"Census Tract 703.09, Pierce County, Washington",40.2,40.5,40.1,120,41,0,3,10
53053070310,"Census Tract 703.10, Pierce County, Washington",34.3,33.6,34.8,71,36,0,7,22
53053070311,"Census Tract 703.11, Pierce County, Washington",32.7,32.7,32.7,72,8,0,4,14
53053070312,"Census Tract 703.12, Pierce County, Washington",35.2,35.3,34.8,124,20,0,3,9
53053070313,"Census Tract 703.13, Pierce County, Washington",39.4,39.1,40.0,66,36,0,1,2
53053070314,"Census Tract 703.14, Pierce County, Washington",39.8,40.4,39.3,80,20,0,3,32
53053070315,"Census Tract 703.15, Pierce County, Washington",36.8,39.6,36.2,198,52,2,135,216
53053070316,"Census Tract 703.16, Pierce County, Washington",36.5,34.4,39.0,139,38,1,200,334
53053070401,"Census Tract 704.01, Pierce County, Washington",45.3,43.9,45.6,38,8,0,2,5
53053070403,"Census Tract 704.03, Pierce County, Washington",44.0,43.6,45.0,115,54,0,3,5
53053070404,"Census Tract 704.04, Pierce County, Washington",34.2,32.2,36.5,164,41,0,3,9
53053070703,"Census Tract 707.03, Pierce County, Washington",36.4,36.2,36.5,78,32,1,15,35
53053071100,"Census Tract 711, Pierce County, Washington",48.8,46.2,52.6,45,4,1,1,1
53053071206,"Census Tract 712.06, Pierce County, Washington",37.5,31.9,44.9,105,34,1,2,3
53053071207,"Census Tract 712.07, Pierce County, Washington",34.5,33.0,38.6,79,29,0,4,10
53053071208,"Census Tract 712.08, Pierce County, Washington",37.8,33.1,43.6,157,31,0,2,6
53053071209,"Census Tract 712.09, Pierce County, Washington",42.2,41.6,42.8,79,38,0,1,2
53053071305,"Census Tract 713.05, Pierce County, Washington",40.5,33.9,45.3,32,12,0,1,1
53053071306,"Census Tract 713.06, Pierce County, Washington",36.2,38.9,35.1,57,34,0,2,4
53053071309,"Census Tract 713.09, Pierce County, Washington",33.4,30.9,34.7,56,12,0,1,4
53053071310,"Census Tract 713.10, Pierce County, Washington",34.7,35.6,34.3,96,12,0,2,3
53053071406,"Census Tract 714.06, Pierce County, Washington",33.7,34.1,33.0,123,91,0,2,6
53053071407,"Census Tract 714.07, Pierce County, Washington",34.1,33.2,34.5,69,4,0,2,4
53053071408,"Census Tract 714.08, Pierce County, Washington",38.5,39.1,38.5,59,8,0,1,2
53053071409,"Census Tract 714.09, Pierce County, Washington",34.6,31.1,40.9,38,25,0,1,9
53053071410,"Census Tract 714.10, Pierce County, Washington",31.6,31.7,30.9,75,16,0,1,14
53053071411,"Census Tract 714.11, Pierce County, Washington",30.2,28.6,30.9,72,28,0,2,6
53053071504,"Census Tract 715.04, Pierce County, Washington",23.5,26.1,21.7,118,16,0,1,2
53053071601,"Census Tract 716.01, Pierce County, Washington",35.7,34.5,38.1,55,8,0,1,2
53053071602,"Census Tract 716.02, Pierce County, Washington",29.3,28.5,30.2,93,46,0,3,10
53053071703,"Census Tract 717.03, Pierce County, Washington",30.5,29.9,30.9,37,12,0,1,3
53053071707,"Census Tract 717.07, Pierce County, Washington",35.8,34.8,40.5,49,8,0,1,2
53053071803,"Census Tract 718.03, Pierce County, Washington",30.5,28.5,31.4,61,24,0,3,9
53053071806,"Census Tract 718.06, Pierce County, Washington",28.9,27.0,31.2,63,24,0,1,2
53053071807,"Census Tract 718.07, Pierce County, Washington",31.4,30.2,31.8,123,49,1,1,2
53053071808,"Census Tract 718.08, Pierce County, Washington",30.8,28.8,34.0,78,43,0,2,4
53053072105,"Census Tract 721.05, Pierce County, Washington",48.2,43.7,49.8,103,34,0,4,20
53053072107,"Census Tract 721.07, Pierce County, Washington",46.3,44.3,46.8,128,33,0,1,2
53053072112,"Census Tract 721.12, Pierce County, Washington",31.8,31.9,31.8,72,54,0,1,2
53053072307,"Census Tract 723.07, Pierce County, Washington",33.8,29.7,37.3,63,20,0,1,5
53053072308,"Census Tract 723.08, Pierce County, Washington",40.0,37.8,42.8,120,38,0,3,10
53053072309,"Census Tract 723.09, Pierce County, Washington",33.6,31.7,35.7,109,33,0,2,7
53053072310,"Census Tract 723.10, Pierce County, Washington",36.2,36.5,35.9,404,21,0,1,3
53053072311,"Census Tract 723.11, Pierce County, Washington",32.9,32.0,34.2,256,59,1,2,8
53053072313,"Census Tract 723.13, Pierce County, Washington",43.9,40.9,46.0,94,40,0,1,2
53053072405,"Census Tract 724.05, Pierce County, Washington",45.7,43.0,49.3,66,4,0,3,8
53053072407,"Census Tract 724.07, Pierce County, Washington",44.3,43.0,45.3,69,24,0,1,5
53053072408,"Census Tract 724.08, Pierce County, Washington",47.1,46.2,47.6,110,38,0,2,5
53053072409,"Census Tract 724.09, Pierce County, Washington",45.8,44.5,48.1,45,15,0,1,1
53053072410,"Census Tract 724.10, Pierce County, Washington",47.5,46.9,48.1,44,28,1,2,6
53053072503,"Census Tract 725.03, Pierce County, Washington",47.7,45.0,53.2,39,20,0,1,2
53053072505,"Census Tract 725.05, Pierce County, Washington",46.7,46.4,47.1,142,34,0,3,11
53053072507,"Census Tract 725.07, Pierce County, Washington",58.5,57.7,59.1,40,17,0,1,1
53053072603,"Census Tract 726.03, Pierce County, Washington",48.0,48.7,46.2,68,36,0,2,6
53053072800,"Census Tract 728, Pierce County, Washington",31.7,30.5,32.9,234,131,0,2,8
53053073001,"Census Tract 730.01, Pierce County, Washington",42.9,41.9,45.0,41,8,0,1,4
53053073005,"Census Tract 730.05, Pierce County, Washington",47.2,43.9,48.3,36,4,0,1,5
53053073108,"Census Tract 731.08, Pierce County, Washington",32.0,31.8,32.1,416,51,0,6,23
53053073111,"Census Tract 731.11, Pierce County, Washington",35.9,36.0,35.8,77,9,0,1,7
53053073113,"Census Tract 731.13, Pierce County, Washington",32.4,30.8,34.2,114,55,0,4,10
53053073115,"Census Tract 731.15, Pierce County, Washington",40.1,43.2,37.2,29,20,0,1,2
53053073116,"Census Tract 731.16, Pierce County, Washington",35.3,34.3,36.2,76,18,0,1,3
53053073118,"Census Tract 731.18, Pierce County, Washington",44.0,44.5,43.5,93,27,0,1,2
53053073120,"Census Tract 731.20, Pierce County, Washington",32.6,29.9,33.5,49,12,0,1,2
53053073121,"Census Tract 731.21, Pierce County, Washington",38.2,39.1,37.8,68,16,0,1,2
53053073122,"Census Tract 731.22, Pierce County, Washington",33.6,33.2,33.9,46,17,0,1,6
53053073125,"Census Tract 731.25, Pierce County, Washington",32.3,30.2,37.1,134,40,0,3,13
53053073301,"Census Tract 733.01, Pierce County, Washington",33.9,35.2,33.6,52,45,0,13,26
53053073302,"Census Tract 733.02, Pierce County, Washington",35.9,34.5,37.6,64,20,0,2,3
53053073404,"Census Tract 734.04, Pierce County, Washington",42.4,40.8,46.0,75,39,0,7,21
53053073405,"Census Tract 734.05, Pierce County, Washington",36.8,32.7,40.3,37,24,0,1,5
53053073406,"Census Tract 734.06, Pierce County, Washington",36.0,33.8,36.5,68,40,0,2,5
53053073407,"Census Tract 734.07, Pierce County, Washington",39.4,36.1,45.0,28,4,1,1,2
53053073408,"Census Tract 734.08, Pierce County, Washington",40.9,41.5,40.6,76,31,0,3,6
53053073500,"Census Tract 735, Pierce County, Washington",41.4,41.2,41.5,138,55,1,9,24
53053940001,"Census Tract 9400.01, Pierce County, Washington",48.0,48.0,48.1,89,35,0,1,4
53053940002,"Census Tract 9400.02, Pierce County, Washington",36.3,34.8,37.1,216,36,2,4,7
53053940003,"Census Tract 9400.03, Pierce County, Washington",30.7,30.4,30.7,245,79,0,3,8
53053940005,"Census Tract 9400.05, Pierce County, Washington",37.1,36.1,38.0,159,44,1,5,20
53053940006,"Census Tract 9400.06, Pierce County, Washington",26.9,17.0,31.2,58,28,0,2,4
53053940007,"Census Tract 9400.07, Pierce County, Washington",32.8,32.8,32.8,77,20,1,2,4
53053940008,"Census Tract 9400.08, Pierce County, Washington",36.9,35.9,38.3,255,72,1,5,14
53053940009,"Census Tract 9400.09, Pierce County, Washington",41.6,40.2,43.1,75,17,1,2,7
53053940010,"Census Tract 9400.10, Pierce County, Washington",38.6,35.3,44.4,73,24,0,4,11
53053940011,"Census Tract 9400.11, Pierce County, Washington",47.7,47.9,47.6,84,50,1,5,10
53055960100,"Census Tract 9601, San Juan County, Washington",57.5,56.5,58.3,39,8,0,2,5
53057940300,"Census Tract 9403, Skagit County, Washington",53.6,53.1,54.3,85,24,0,6,23
53057940500,"Census Tract 9405, Skagit County, Washington",41.4,38.9,42.8,36,12,0,1,2
53057940600,"Census Tract 9406, Skagit County, Washington",53.0,48.3,54.4,14,12,0,1,3
53057940700,"Census Tract 9407, Skagit County, Washington",51.2,47.0,52.8,15,4,0,1,2
53057940800,"Census Tract 9408, Skagit County, Washington",57.5,56.4,58.2,24,8,0,4,10
53057950100,"Census Tract 9501, Skagit County, Washington",63.8,63.9,63.7,20,12,0,1,3
53057950800,"Census Tract 9508, Skagit County, Washington",43.2,45.2,40.9,36,41,0,3,18
53057950900,"Census Tract 9509, Skagit County, Washington",40.3,37.0,41.9,36,28,0,2,6
53057951100,"Census Tract 9511, Skagit County, Washington",50.3,44.7,53.9,17,12,0,1,5
53057951200,"Census Tract 9512, Skagit County, Washington",47.0,49.0,46.4,37,33,0,2,5
53057951500,"Census Tract 9515, Skagit County, Washington",35.0,34.4,36.2,165,58,0,1,3
53057951600,"Census Tract 9516, Skagit County, Washington",41.5,41.8,41.2,44,16,0,1,4
53057951700,"Census Tract 9517, Skagit County, Washington",38.2,36.8,39.6,47,31,0,2,7
53057951900,"Census Tract 9519, Skagit County, Washington",49.8,47.4,50.5,61,12,0,3,9
53057952100,"Census Tract 9521, Skagit County, Washington",52.5,51.4,52.8,45,33,0,2,7
53057952301,"Census Tract 9523.01, Skagit County, Washington",27.9,26.2,30.2,47,21,0,1,6
53057952302,"Census Tract 9523.02, Skagit County, Washington",33.8,32.0,37.4,102,40,0,1,7
53057952402,"Census Tract 9524.02, Skagit County, Washington",44.5,37.8,46.7,66,63,0,3,7
53057952500,"Census Tract 9525, Skagit County, Washington",38.1,35.2,43.1,25,12,0,1,2
53061040100,"Census Tract 401, Snohomish County, Washington",33.1,30.3,37.7,76,32,0,3,11
53061040200,"Census Tract 402, Snohomish County, Washington",37.5,40.4,36.6,74,12,0,1,3
53061040400,"Census Tract 404, Snohomish County, Washington",31.2,28.6,37.8,46,25,0,1,3
53061040500,"Census Tract 405, Snohomish County, Washington",36.2,36.1,36.4,50,8,0,1,1
53061040700,"Census Tract 407, Snohomish County, Washington",39.2,36.9,43.2,53,29,1,20,68
53061040800,"Census Tract 408, Snohomish County, Washington",38.2,37.0,42.5,41,16,0,4,46
53061041000,"Census Tract 410, Snohomish County, Washington",42.6,42.0,43.8,71,32,0,5,16
53061041100,"Census Tract 411, Snohomish County, Washington",35.7,33.1,38.9,61,50,0,1,2
53061041201,"Census Tract 412.01, Snohomish County, Washington",36.8,34.1,39.3,35,8,0,2,5
53061041202,"Census Tract 412.02, Snohomish County, Washington",37.1,39.2,34.8,62,33,0,6,20
53061041301,"Census Tract 413.01, Snohomish County, Washington",46.7,45.7,48.2,122,12,0,5,12
53061041303,"Census Tract 413.03, Snohomish County, Washington",35.5,35.6,35.4,93,69,0,1,8
53061041304,"Census Tract 413.04, Snohomish County, Washington",46.3,46.9,46.0,91,16,0,1,9
53061041400,"Census Tract 414, Snohomish County, Washington",40.8,40.5,41.0,34,28,0,3,10
53061041601,"Census Tract 416.01, Snohomish County, Washington",39.2,40.0,36.8,68,20,0,3,17
53061041605,"Census Tract 416.05, Snohomish County, Washington",37.0,34.4,41.2,100,16,0,4,11
53061041606,"Census Tract 416.06, Snohomish County, Washington",36.7,36.7,36.6,61,21,1,2,2
53061041607,"Census Tract 416.07, Snohomish County, Washington",39.8,39.7,39.9,62,12,1,2,9
53061041608,"Census Tract 416.08, Snohomish County, Washington",38.2,38.1,38.6,80,20,0,2,6
53061041701,"Census Tract 417.01, Snohomish County, Washington",34.5,33.8,36.9,85,53,0,5,14
53061041703,"Census Tract 417.03, Snohomish County, Washington",35.6,34.7,36.7,60,39,1,4,7
53061041704,"Census Tract 417.04, Snohomish County, Washington",35.8,35.3,36.3,115,48,0,4,10
53061041805,"Census Tract 418.05, Snohomish County, Washington",38.2,37.8,38.6,75,44,0,3,16
53061041806,"Census Tract 418.06, Snohomish County, Washington",30.1,28.8,31.3,122,31,0,5,20
53061041808,"Census Tract 418.08, Snohomish County, Washington",35.8,41.0,32.0,24,12,0,3,13
53061041809,"Census Tract 418.09, Snohomish County, Washington",31.3,30.5,32.8,50,33,0,1,2
53061041810,"Census Tract 418.10, Snohomish County, Washington",30.3,30.2,31.1,36,28,1,5,17
53061041811,"Census Tract 418.11, Snohomish County, Washington",34.2,35.8,33.5,96,34,0,6,17
53061041812,"Census Tract 418.12, Snohomish County, Washington",33.9,32.7,36.2,66,37,0,7,23
53061041901,"Census Tract 419.01, Snohomish County, Washington",36.7,35.6,37.2,77,32,0,2,5
53061041903,"Census Tract 419.03, Snohomish County, Washington",30.5,28.8,32.9,182,116,0,3,5
53061041905,"Census Tract 419.05, Snohomish County, Washington",33.7,34.6,32.9,80,24,1,11,40
53061042001,"Census Tract 420.01, Snohomish County, Washington",46.3,50.5,43.6,74,20,0,2,6
53061042003,"Census Tract 420.03, Snohomish County, Washington",45.7,44.3,48.4,50,12,0,3,13
53061042004,"Census Tract 420.04, Snohomish County, Washington",39.6,37.7,44.0,47,8,0,3,7
53061042005,"Census Tract 420.05, Snohomish County, Washington",46.7,47.0,46.4,81,18,0,1,4
53061042006,"Census Tract 420.06, Snohomish County, Washington",38.3,35.5,43.0,54,30,0,1,7
53061050101,"Census Tract 501.01, Snohomish County, Washington",40.3,39.4,42.5,28,8,0,3,8
53061050102,"Census Tract 501.02, Snohomish County, Washington",39.1,38.6,40.2,54,22,0,10,32
53061050200,"Census Tract 502, Snohomish County, Washington",54.1,53.4,54.4,110,34,1,1,7
53061050300,"Census Tract 503, Snohomish County, Washington",48.4,46.1,52.3,50,25,0,2,11
53061050401,"Census Tract 504.01, Snohomish County, Washington",43.2,43.2,43.4,58,27,0,11,41
53061050402,"Census Tract 504.02, Snohomish County, Washington",43.0,40.9,44.5,48,12,2,11,60
53061050500,"Census Tract 505, Snohomish County, Washington",57.4,56.0,59.2,74,17,0,16,61
53061050600,"Census Tract 506, Snohomish County, Washington",49.1,48.9,49.6,29,12,0,10,23
53061050700,"Census Tract 507, Snohomish County, Washington",36.2,33.8,38.2,100,47,0,14,55
53061050800,"Census Tract 508, Snohomish County, Washington",42.3,42.4,41.7,56,24,0,8,24
53061050900,"Census Tract 509, Snohomish County, Washington",32.7,31.4,37.3,50,12,0,5,19
53061051000,"Census Tract 510, Snohomish County, Washington",37.0,37.2,36.8,54,12,3,10,29
53061051100,"Census Tract 511, Snohomish County, Washington",42.3,38.2,47.0,47,25,1,13,58
53061051200,"Census Tract 512, Snohomish County, Washington",36.9,36.5,37.4,45,29,0,8,46
53061051300,"Census Tract 513, Snohomish County, Washington",37.2,33.6,38.2,91,60,1,10,31
53061051400,"Census Tract 514, Snohomish County, Washington",37.2,35.5,38.5,137,49,3,26,52
53061051500,"Census Tract 515, Snohomish County, Washington",37.1,36.2,38.3,52,37,1,8,33
53061051601,"Census Tract 516.01, Snohomish County, Washington",36.6,37.0,36.0,78,33,0,5,18
53061051602,"Census Tract 516.02, Snohomish County, Washington",49.2,49.4,49.1,54,28,0,4,21
53061051701,"Census Tract 517.01, Snohomish County, Washington",39.3,39.6,39.2,76,55,1,2,8
53061051702,"Census Tract 517.02, Snohomish County, Washington",43.9,40.8,46.0,65,24,0,5,21
53061051802,"Census Tract 518.02, Snohomish County, Washington",37.7,37.5,38.1,63,16,0,7,13
53061051803,"Census Tract 518.03, Snohomish County, Washington",27.5,29.2,26.0,79,17,0,7,29
53061051804,"Census Tract 518.04, Snohomish County, Washington",33.2,31.3,35.4,58,21,0,6,11
53061051905,"Census Tract 519.05, Snohomish County, Washington",36.8,37.0,36.5,130,36,2,11,31
53061051912,"Census Tract 519.12, Snohomish County, Washington",45.1,40.6,48.2,20,8,0,18,29
53061051913,"Census Tract 519.13, Snohomish County, Washington",41.7,40.3,43.3,95,64,0,1,3
53061051914,"Census Tract 519.14, Snohomish County, Washington",46.8,46.0,47.5,44,24,1,6,14
53061051915,"Census Tract 519.15, Snohomish County, Washington",36.2,34.5,37.3,78,45,1,8,23
53061051916,"Census Tract 519.16, Snohomish County, Washington",37.6,35.8,38.3,64,24,0,9,24
53061051917,"Census Tract 519.17, Snohomish County, Washington",40.4,37.8,42.3,82,30,1,5,14
53061051918,"Census Tract 519.18, Snohomish County, Washington",41.0,38.9,42.8,69,16,0,1,2
53061051921,"Census Tract 519.21, Snohomish County, Washington",34.1,34.7,33.5,77,32,0,2,6
53061051922,"Census Tract 519.22, Snohomish County, Washington",34.6,35.1,34.2,36,36,0,10,33
53061051923,"Census Tract 519.23, Snohomish County, Washington",30.8,28.8,33.1,105,58,0,14,45
53061051924,"Census Tract 519.24, Snohomish County, Washington",34.0,33.1,35.5,100,40,0,7,20
53061051925,"Census Tract 519.25, Snohomish County, Washington",34.6,35.1,34.4,126,29,0,19,51
53061051926,"Census Tract 519.26, Snohomish County, Washington",39.0,39.2,38.8,74,43,0,17,41
53061051927,"Census Tract 519.27, Snohomish County, Washington",38.4,38.1,39.0,64,25,0,10,37
53061051928,"Census Tract 519.28, Snohomish County, Washington",30.9,30.7,34.6,59,28,0,5,24
53061052003,"Census Tract 520.03, Snohomish County, Washington",30.4,28.8,31.5,176,59,0,9,29
53061052004,"Census Tract 520.04, Snohomish County, Washington",39.8,39.4,40.5,86,41,1,3,8
53061052005,"Census Tract 520.05, Snohomish County, Washington",44.9,45.1,44.7,57,22,1,10,16
53061052006,"Census Tract 520.06, Snohomish County, Washington",39.9,39.2,40.7,46,10,0,7,12
53061052007,"Census Tract 520.07, Snohomish County, Washington",35.6,33.8,37.3,159,30,1,12,22
53061052104,"Census Tract 521.04, Snohomish County, Washington",32.9,35.9,28.7,69,20,0,3,17
53061052107,"Census Tract 521.07, Snohomish County, Washington",35.9,35.8,36.0,69,24,0,20,58
53061052108,"Census Tract 521.08, Snohomish County, Washington",43.9,44.2,43.6,86,20,0,1,1
53061052112,"Census Tract 521.12, Snohomish County, Washington",47.2,47.9,46.2,20,25,0,1,2
53061052113,"Census Tract 521.13, Snohomish County, Washington",46.5,46.3,46.6,21,8,0,4,7
53061052115,"Census Tract 521.15, Snohomish County, Washington",36.5,35.6,37.3,114,36,0,2,7
53061052118,"Census Tract 521.18, Snohomish County, Washington",37.3,33.4,40.1,99,20,0,2,5
53061052203,"Census Tract 522.03, Snohomish County, Washington",36.6,37.3,35.2,83,52,0,5,16
53061052204,"Census Tract 522.04, Snohomish County, Washington",32.2,34.6,30.9,108,51,1,2,6
53061052206,"Census Tract 522.06, Snohomish County, Washington",39.5,36.8,40.9,74,12,0,2,3
53061052207,"Census Tract 522.07, Snohomish County, Washington",39.0,37.2,40.1,100,8,0,2,9
53061052208,"Census Tract 522.08, Snohomish County, Washington",30.8,33.1,29.5,70,28,0,3,10
53061052209,"Census Tract 522.09, Snohomish County, Washington",35.7,36.1,33.4,20,13,1,11,46
53061052301,"Census Tract 523.01, Snohomish County, Washington",45.2,45.2,45.2,61,25,0,3,7
53061052302,"Census Tract 523.02, Snohomish County, Washington",43.6,41.5,45.8,88,20,0,1,4
53061052401,"Census Tract 524.01, Snohomish County, Washington",42.4,37.7,43.9,48,16,0,4,13
53061052402,"Census Tract 524.02, Snohomish County, Washington",36.5,35.9,37.7,72,18,0,1,1
53061052503,"Census Tract 525.03, Snohomish County, Washington",34.5,33.8,35.2,146,36,0,4,12
53061052603,"Census Tract 526.03, Snohomish County, Washington",37.5,37.8,37.2,38,20,0,5,15
53061052604,"Census Tract 526.04, Snohomish County, Washington",39.1,35.6,40.6,42,9,0,3,7
53061052605,"Census Tract 526.05, Snohomish County, Washington",39.5,38.2,40.2,86,57,0,2,6
53061052606,"Census Tract 526.06, Snohomish County, Washington",32.9,31.3,35.8,122,41,1,2,4
53061052607,"Census Tract 526.07, Snohomish County, Washington",36.8,35.4,37.8,92,20,0,1,2
53061052705,"Census Tract 527.05, Snohomish County, Washington",38.1,36.1,40.0,166,57,0,3,19
53061052709,"Census Tract 527.09, Snohomish County, Washington",37.5,34.5,39.3,29,17,0,1,2
53061052803,"Census Tract 528.03, Snohomish County, Washington",34.5,35.0,33.8,76,28,0,2,5
53061052806,"Census Tract 528.06, Snohomish County, Washington",32.6,31.5,34.7,74,44,0,4,15
53061052903,"Census Tract 529.03, Snohomish County, Washington",29.9,28.8,30.2,24,8,0,2,4
53061052904,"Census Tract 529.04, Snohomish County, Washington",37.7,41.6,34.8,105,29,0,2,10
53061052905,"Census Tract 529.05, Snohomish County, Washington",37.3,33.0,42.6,32,24,0,4,28
53061052906,"Census Tract 529.06, Snohomish County, Washington",39.2,40.5,37.5,126,16,0,1,5
53061053101,"Census Tract 531.01, Snohomish County, Washington",35.1,32.6,36.2,44,36,0,1,1
53061053102,"Census Tract 531.02, Snohomish County, Washington",44.1,45.4,43.6,58,16,0,1,2
53061053301,"Census Tract 533.01, Snohomish County, Washington",33.6,29.3,38.1,76,32,0,4,20
53061053302,"Census Tract 533.02, Snohomish County, Washington",44.7,44.0,46.6,80,20,0,1,7
53061053400,"Census Tract 534, Snohomish County, Washington",50.9,52.9,49.8,61,16,0,2,5
53061053504,"Census Tract 535.04, Snohomish County, Washington",39.7,39.4,40.0,71,65,0,2,8
53061053505,"Census Tract 535.05, Snohomish County, Washington",43.4,44.3,42.2,78,25,0,1,2
53061053506,"Census Tract 535.06, Snohomish County, Washington",48.2,50.4,45.7,56,16,1,1,2
53061053507,"Census Tract 535.07, Snohomish County, Washington",37.5,37.9,36.9,85,21,0,1,3
53061053509,"Census Tract 535.09, Snohomish County, Washington",37.6,37.0,38.4,66,32,0,1,5
53061053602,"Census Tract 536.02, Snohomish County, Washington",41.9,41.4,42.9,64,24,0,3,4
53061053801,"Census Tract 538.01, Snohomish County, Washington",43.2,46.1,39.3,46,21,0,1,1
53061053802,"Census Tract 538.02, Snohomish County, Washington",38.2,38.0,38.3,68,26,0,3,16
53061053803,"Census Tract 538.03, Snohomish County, Washington",49.0,48.1,49.5,75,24,0,1,3
53061940002,"Census Tract 9400.02, Snohomish County, Washington",44.8,46.1,44.5,12,12,0,1,1
53063000300,"Census Tract 3, Spokane County, Washington",33.8,31.4,35.2,65,30,0,1,2
53063000700,"Census Tract 7, Spokane County, Washington",36.1,34.7,36.6,57,28,0,1,2
53063001100,"Census Tract 11, Spokane County, Washington",39.1,35.6,40.7,66,16,0,1,6
53063001200,"Census Tract 12, Spokane County, Washington",31.2,32.9,30.7,16,4,0,1,3
53063002500,"Census Tract 25, Spokane County, Washington",21.5,21.7,20.9,125,39,0,14,45
53063002600,"Census Tract 26, Spokane County, Washington",33.1,33.3,32.0,73,50,0,1,2
53063003100,"Census Tract 31, Spokane County, Washington",35.9,37.0,34.7,69,41,0,2,7
53063003200,"Census Tract 32, Spokane County, Washington",35.2,36.2,34.4,56,4,0,2,5
53063003500,"Census Tract 35, Spokane County, Washington",49.5,48.2,50.8,24,32,0,2,4
53063004100,"Census Tract 41, Spokane County, Washington",46.8,47.1,46.7,46,17,0,1,5
53063004200,"Census Tract 42, Spokane County, Washington",42.9,40.1,47.4,83,35,0,2,4
53063004602,"Census Tract 46.02, Spokane County, Washington",35.7,32.9,36.7,20,33,0,1,2
53063004800,"Census Tract 48, Spokane County, Washington",40.6,40.6,40.7,45,24,0,1,2
53063010401,"Census Tract 104.01, Spokane County, Washington",34.7,35.1,31.8,119,56,0,1,2
53063010900,"Census Tract 109, Spokane County, Washington",21.9,22.3,21.7,39,34,0,1,4
53063011101,"Census Tract 111.01, Spokane County, Washington",39.9,33.1,52.0,60,42,0,1,2
53063011300,"Census Tract 113, Spokane County, Washington",38.8,37.7,39.6,108,63,0,4,12
53063012401,"Census Tract 124.01, Spokane County, Washington",45.2,44.8,45.6,29,36,0,1,6
53063012402,"Census Tract 124.02, Spokane County, Washington",42.8,43.1,42.6,92,41,0,1,6
53063012500,"Census Tract 125, Spokane County, Washington",35.4,34.6,37.8,40,25,0,1,9
53063013000,"Census Tract 130, Spokane County, Washington",38.4,35.4,40.7,102,39,0,1,2
53063013100,"Census Tract 131, Spokane County, Washington",38.6,37.4,39.3,161,57,0,1,2
53063013201,"Census Tract 132.01, Spokane County, Washington",41.8,43.0,40.6,75,20,0,1,1
53063013500,"Census Tract 135, Spokane County, Washington",41.5,42.1,40.9,124,56,0,1,2
53063013600,"Census Tract 136, Spokane County, Washington",34.8,33.0,37.2,40,22,0,1,5
53063013700,"Census Tract 137, Spokane County, Washington",35.1,35.0,35.1,75,23,0,1,6
53063014001,"Census Tract 140.01, Spokane County, Washington",21.7,22.9,21.1,136,36,0,1,2
53063014002,"Census Tract 140.02, Spokane County, Washington",24.7,25.2,23.8,126,34,1,1,1
53063014100,"Census Tract 141, Spokane County, Washington",37.5,35.6,41.5,84,63,0,1,3
53063014400,"Census Tract 144, Spokane County, Washington",34.5,34.0,34.7,84,66,0,1,1
53065950500,"Census Tract 9505, Stevens County, Washington",38.5,43.8,34.6,17,10,0,1,4
53065951100,"Census Tract 9511, Stevens County, Washington",47.2,46.3,48.9,12,4,0,3,3
53067010100,"Census Tract 101, Thurston County, Washington",39.9,41.0,39.9,34,19,1,14,47
53067010200,"Census Tract 102, Thurston County, Washington",46.8,44.2,47.8,71,16,0,2,7
53067010400,"Census Tract 104, Thurston County, Washington",43.4,38.9,47.0,60,28,0,2,6
53067010520,"Census Tract 105.20, Thurston County, Washington",34.4,33.2,36.3,100,31,0,1,3
53067010600,"Census Tract 106, Thurston County, Washington",32.4,30.8,36.0,46,32,0,4,11
53067010700,"Census Tract 107, Thurston County, Washington",40.1,33.7,42.7,152,25,0,1,2
53067010800,"Census Tract 108, Thurston County, Washington",42.0,35.3,46.9,164,40,0,2,6
53067010910,"Census Tract 109.10, Thurston County, Washington",33.8,36.2,32.0,192,80,0,1,3
53067010920,"Census Tract 109.20, Thurston County, Washington",42.6,39.6,45.5,79,22,0,1,5
53067011200,"Census Tract 112, Thurston County, Washington",30.4,28.4,32.4,62,24,0,4,16
53067011420,"Census Tract 114.20, Thurston County, Washington",36.3,37.7,35.3,90,27,0,1,2
53067011500,"Census Tract 115, Thurston County, Washington",34.7,36.0,34.0,40,16,0,3,11
53067011610,"Census Tract 116.10, Thurston County, Washington",39.8,36.3,42.6,138,36,0,1,3
53067011621,"Census Tract 116.21, Thurston County, Washington",34.5,33.8,36.7,106,32,0,2,6
53067011623,"Census Tract 116.23, Thurston County, Washington",33.3,33.2,33.4,76,24,0,3,11
53067011900,"Census Tract 119, Thurston County, Washington",47.8,45.6,50.7,100,31,0,2,4
53067012000,"Census Tract 120, Thurston County, Washington",42.9,37.8,43.8,91,21,0,1,2
53067012100,"Census Tract 121, Thurston County, Washington",52.5,50.3,56.7,44,16,0,2,5
53067012221,"Census Tract 122.21, Thurston County, Washington",42.1,40.3,44.6,49,8,0,2,6
53067012222,"Census Tract 122.22, Thurston County, Washington",41.5,43.1,41.2,151,36,0,1,23
53067012310,"Census Tract 123.10, Thurston County, Washington",37.0,35.3,38.5,98,40,0,2,5
53067012520,"Census Tract 125.20, Thurston County, Washington",50.3,50.2,50.4,92,19,0,1,2
53067012530,"Census Tract 125.30, Thurston County, Washington",41.1,38.3,45.6,20,12,0,2,4
53069950100,"Census Tract 9501, Wahkiakum County, Washington",55.1,55.4,55.0,40,10,1,1,2
53071920200,"Census Tract 9202, Walla Walla County, Washington",37.4,37.7,35.9,22,28,0,1,5
53071920300,"Census Tract 9203, Walla Walla County, Washington",35.5,33.8,37.3,129,38,0,2,12
53071920702,"Census Tract 9207.02, Walla Walla County, Washington",37.6,37.1,37.9,42,38,0,1,1
53073000100,"Census Tract 1, Whatcom County, Washington",36.5,31.3,43.3,95,17,0,3,9
53073000200,"Census Tract 2, Whatcom County, Washington",38.3,35.8,39.6,102,48,0,1,3
53073000300,"Census Tract 3, Whatcom County, Washington",34.2,30.2,36.6,44,25,0,2,7
53073000400,"Census Tract 4, Whatcom County, Washington",41.9,37.0,46.5,76,38,0,3,3
53073000501,"Census Tract 5.01, Whatcom County, Washington",24.9,26.0,24.4,71,28,0,6,38
53073000502,"Census Tract 5.02, Whatcom County, Washington",34.3,34.5,34.1,41,8,0,8,24
53073000600,"Census Tract 6, Whatcom County, Washington",30.5,30.4,30.9,35,12,0,1,3
53073000700,"Census Tract 7, Whatcom County, Washington",32.6,30.1,34.0,50,34,0,3,9
53073000803,"Census Tract 8.03, Whatcom County, Washington",36.8,37.6,35.7,78,62,0,1,2
53073000804,"Census Tract 8.04, Whatcom County, Washington",43.1,44.7,42.0,72,25,0,1,2
53073000806,"Census Tract 8.06, Whatcom County, Washington",40.1,40.3,39.8,62,20,0,1,5
53073000901,"Census Tract 9.01, Whatcom County, Washington",30.7,31.1,30.3,69,30,0,6,28
53073000902,"Census Tract 9.02, Whatcom County, Washington",43.5,43.4,43.5,71,56,0,3,8
53073001000,"Census Tract 10, Whatcom County, Washington",20.7,21.5,20.4,93,42,0,14,43
53073001100,"Census Tract 11, Whatcom County, Washington",50.8,46.1,55.3,66,20,0,4,14
53073001201,"Census Tract 12.01, Whatcom County, Washington",23.2,23.0,23.5,72,16,0,11,46
53073001202,"Census Tract 12.02, Whatcom County, Washington",56.0,53.9,58.3,75,17,0,2,5
53073010100,"Census Tract 101, Whatcom County, Washington",40.0,41.0,39.5,44,4,0,3,8
53073010301,"Census Tract 103.01, Whatcom County, Washington",35.2,34.5,36.9,86,31,0,1,1
53073010302,"Census Tract 103.02, Whatcom County, Washington",45.9,44.4,48.2,45,31,0,1,2
53073010303,"Census Tract 103.03, Whatcom County, Washington",37.3,37.4,37.3,98,55,0,1,1
53073010401,"Census Tract 104.01, Whatcom County, Washington",41.6,43.1,40.6,135,48,0,2,3
53073010404,"Census Tract 104.04, Whatcom County, Washington",47.1,46.7,47.9,41,15,0,1,5
53073010501,"Census Tract 105.01, Whatcom County, Washington",40.7,39.1,41.0,114,90,0,1,2
53073010502,"Census Tract 105.02, Whatcom County, Washington",38.2,35.7,40.0,97,55,0,1,1
53073010600,"Census Tract 106, Whatcom County, Washington",37.8,40.5,35.6,66,16,0,2,14
53073010701,"Census Tract 107.01, Whatcom County, Washington",41.6,40.5,45.1,63,20,0,1,6
53073010702,"Census Tract 107.02, Whatcom County, Washington",35.4,35.7,34.8,52,20,0,3,10
53073010900,"Census Tract 109, Whatcom County, Washington",61.3,60.4,62.1,8,4,0,4,10
53073940000,"Census Tract 9400, Whatcom County, Washington",37.3,35.7,38.7,57,12,0,2,4
53075000100,"Census Tract 1, Whitman County, Washington",20.4,20.9,20.0,77,19,1,11,29
53075000200,"Census Tract 2, Whitman County, Washington",28.7,28.9,28.4,83,30,0,1,4
53075000300,"Census Tract 3, Whitman County, Washington",32.7,31.6,33.0,50,16,0,1,2
53075000400,"Census Tract 4, Whitman County, Washington",35.3,29.8,41.7,39,21,0,4,10
53075000600,"Census Tract 6, Whitman County, Washington",22.4,22.5,22.3,55,4,0,6,16
53075001000,"Census Tract 10, Whitman County, Washington",42.0,40.8,45.5,12,4,0,1,2
53077000100,"Census Tract 1, Yakima County, Washington",30.3,30.0,31.5,28,8,0,4,8
53077000200,"Census Tract 2, Yakima County, Washington",26.0,27.7,24.5,108,21,0,1,4
53077000400,"Census Tract 4, Yakima County, Washington",48.8,44.4,52.8,52,33,1,1,1
53077000500,"Census Tract 5, Yakima County, Washington",43.6,38.5,47.1,32,14,0,2,38
53077000800,"Census Tract 8, Yakima County, Washington",43.5,40.0,45.1,41,12,0,1,2
53077000901,"Census Tract 9.01, Yakima County, Washington",40.5,40.1,42.6,78,20,0,1,2
53077000902,"Census Tract 9.02, Yakima County, Washington",36.6,31.0,39.5,33,26,0,1,2
53077001000,"Census Tract 10, Yakima County, Washington",31.9,30.0,33.4,56,21,0,1,3
53077001100,"Census Tract 11, Yakima County, Washington",35.6,37.3,34.7,83,30,0,1,3
53077001300,"Census Tract 13, Yakima County, Washington",37.5,37.2,37.6,24,8,0,1,1
53077001501,"Census Tract 15.01, Yakima County, Washington",24.6,24.3,26.0,62,25,0,1,2
53077001602,"Census Tract 16.02, Yakima County, Washington",40.2,39.3,40.7,98,33,0,4,7
53077002200,"Census Tract 22, Yakima County, Washington",37.4,37.0,37.5,73,31,2,3,17
53077003002,"Census Tract 30.02, Yakima County, Washington",44.6,45.1,44.5,35,25,0,1,2
53077003200,"Census Tract 32, Yakima County, Washington",33.9,36.9,29.7,103,54,1,2,2
53077003400,"Census Tract 34, Yakima County, Washington",40.3,41.9,39.0,71,24,0,1,2
53077940001,"Census Tract 9400.01, Yakima County, Washington",31.8,31.6,32.2,27,16,0,1,4
53077940004,"Census Tract 9400.04, Yakima County, Washington",27.0,24.4,29.7,46,29,1,2,4
